arm_one,arm_two,arm_three,arm_four,arm_five,arm_six,arm_seven,drink_x,drink_y,drink_z,hand_x,hand_y,hand_z,finger_lt0,finger_rg0,finger_md0,finger_if0,finger_if1,finger_if2,finger_tb0,finger_tb1,finger_tb2
7.499993265530616737e-01,4.999993305804508181e-01,4.999996265542052121e-01,-7.360130062388098053e-07,5.000001669068315779e-01,5.000092770635017336e-01,4.984130028106092403e-01,8.001620753903438965e-01,7.965029524214987111e-01,5.050227878322054165e-02,9.491839199152105611e-01,1.072392115489021913e+00,2.514671369310565452e-01,-1.549644534609193634e-09,5.550782297121459905e-09,3.807182576808164368e-09,3.362920260887233061e-08,3.205189935968927929e-09,1.372780857650457240e-08,5.002547878500553935e-01,2.036084107588671911e-09,5.342437778704111767e-08
7.435481151873407635e-01,4.931274884472117703e-01,4.940050669341452538e-01,3.184036193717164342e-02,5.057288962884811667e-01,4.904144220854743108e-01,4.985799730317281298e-01,8.001620753903438965e-01,8.012718092598374309e-01,5.050227878322054165e-02,9.521031040579810423e-01,1.062870515998054488e+00,2.828995283055452115e-01,3.773129596547466439e-03,1.093150734168848483e-02,1.050027300844059118e-02,1.416089208962841630e-08,1.720602117760629962e-02,2.113498671888135475e-08,5.000637544249573185e-01,3.167546941415565892e-02,1.449683827212832066e-01
7.355859852430978174e-01,4.872693246792376143e-01,4.964173800537497461e-01,6.368264184027672137e-02,5.099528702174858097e-01,4.831946858904408448e-01,4.950022209392863637e-01,8.001620753903438965e-01,8.043052821644030015e-01,5.050227878322053471e-02,9.518415377542011058e-01,1.046527773936646089e+00,3.101199429441834909e-01,5.234771316015445625e-03,1.383904531446010673e-02,1.338618808809379120e-02,7.103867791365812167e-09,2.496111097331623480e-02,2.587997509056917255e-04,5.000159381215791843e-01,4.006537727354851641e-02,1.810692859256543830e-01
7.276237551964207517e-01,4.843258606438918257e-01,4.979853711453829379e-01,9.552702425630643646e-02,5.098073926776054421e-01,4.768405416793670692e-01,4.920459851094183823e-01,8.001620753903438965e-01,8.062460971500727824e-01,5.050227878322053471e-02,9.502836588300498377e-01,1.030676658911982235e+00,3.242949816358735582e-01,5.686560861030116355e-03,1.439365222539805075e-02,1.402164638615720389e-02,6.386890202954984573e-09,2.741792225894817622e-02,6.472628543528520658e-05,5.000039849096039601e-01,4.262388290070595609e-02,1.911384238796202950e-01
7.196615147820994984e-01,4.830220403873094481e-01,5.001698485382380932e-01,1.273714067135248429e-01,5.081205641322880107e-01,4.712825097617518444e-01,4.901199799377849997e-01,8.001620753903438965e-01,8.074878300614525273e-01,5.050227878322053471e-02,9.478603971890386948e-01,1.015521953987007064e+00,3.314992169902213348e-01,5.713263949535626884e-03,1.435981138344782915e-02,1.392175827696825671e-02,6.078660359617726057e-09,2.923987201839122960e-02,1.621048255509325450e-05,5.000009974283537995e-01,4.556393703575768728e-02,1.915860824046475841e-01
7.116992743641554764e-01,4.822900908918525409e-01,5.005156396459214951e-01,1.592158423713262716e-01,5.051749993547887119e-01,4.696298156445319338e-01,4.887081965510919890e-01,8.001620753903438965e-01,8.082822904477285908e-01,5.050227878322053471e-02,9.446816629844565494e-01,1.000637584620125198e+00,3.348836197284271177e-01,5.719942650564102150e-03,1.426509765770207772e-02,1.372426965398443680e-02,5.893253114505324914e-09,3.004046312631382734e-02,4.083743353336159847e-06,5.000002506879041020e-01,4.675911863035753929e-02,1.896278584015317348e-01
7.037370377149319012e-01,4.845754117760069368e-01,5.010737695691827032e-01,1.910598773748537760e-01,5.024785012825849773e-01,4.687926309464640062e-01,4.877487484296122444e-01,8.001620753903438965e-01,8.087905859914623630e-01,5.050227878322053471e-02,9.418155318512437812e-01,9.857428165669717135e-01,3.246306481946557021e-01,5.721612829461974851e-03,1.415515942101841507e-02,1.341611353219594911e-02,5.880045901404384052e-09,2.972303860588622684e-02,1.055923332707296928e-06,5.000000640271532459e-01,4.682788411694723679e-02,1.874130934009646532e-01
6.957748028517449779e-01,4.875863676963558269e-01,5.021777272309299045e-01,2.229040135645410092e-01,4.995919489375492129e-01,4.705182005665629608e-01,4.899427496707746132e-01,8.001620753903438965e-01,8.091157933450860984e-01,5.050227878322053471e-02,9.381900811462535739e-01,9.710457339758190587e-01,3.116770030372680300e-01,5.635770623234360836e-03,1.404141469816177698e-02,1.325280969427442695e-02,5.824190136946282576e-09,2.929862720357691644e-02,3.024989175751872034e-07,5.000000173410363846e-01,4.661504001999768054e-02,1.854792230757302540e-01
6.878125750482252387e-01,4.905251445378799868e-01,5.041213633140599892e-01,2.547482072818955667e-01,5.001836470193149475e-01,4.706492491994063720e-01,4.902896431242684816e-01,8.001620753903438965e-01,8.093238609233969205e-01,5.050227878322053471e-02,9.333933073612230569e-01,9.565759796997893583e-01,3.003788960640360606e-01,5.528044631513798039e-03,1.392671502032317814e-02,1.312571924525987414e-02,5.813746046909028804e-09,2.901998673401664022e-02,1.169674900488712022e-07,5.000000056632999401e-01,4.633178526116809443e-02,1.839605703088484923e-01
6.798503574871105348e-01,4.937309689322096906e-01,5.057664134945788481e-01,2.865924324599275486e-01,5.037660762121348723e-01,4.714806332331341610e-01,4.917063460702616462e-01,8.001620753903438965e-01,8.094569825046334932e-01,5.050227878322053471e-02,9.276972038465132187e-01,9.423023309850665497e-01,2.882417619323583424e-01,5.501112632900167013e-03,1.389803984651831990e-02,1.300768390279728737e-02,5.869830073220993212e-09,2.843274971675803856e-02,7.256195857204086009e-08,5.000000027616318121e-01,4.580090214657062814e-02,1.825457643535690067e-01
6.718881516581706181e-01,4.965385667220353350e-01,5.061199667891238541e-01,3.184368123731140532e-01,5.097128419564604940e-01,4.725768428812842648e-01,4.935189489817475850e-01,8.001620753903438965e-01,8.095421536568850884e-01,5.050227878322053471e-02,9.210574072774472265e-01,9.283470338600408045e-01,2.768128971640543279e-01,5.494379504823266279e-03,1.380461096238509537e-02,1.289191321464439911e-02,5.905111184586741286e-09,2.811341418035741627e-02,6.292602923189306009e-08,5.000000020511863319e-01,4.635826795384680177e-02,1.815019605380979173e-01
6.639259602601278454e-01,5.004801985884996807e-01,5.078238283630400751e-01,3.502806423275885428e-01,5.142252006028802391e-01,4.731073732802317799e-01,4.953801706629488155e-01,8.001620753903438965e-01,8.095966461374315415e-01,5.050227878322052777e-02,9.135580196596232438e-01,9.149455016646906858e-01,2.628793224580388554e-01,5.578958947722758091e-03,1.386751139650715774e-02,1.286296673183706663e-02,5.973947676648760092e-09,2.803357288804743733e-02,6.200241448146690228e-08,5.000000019008236096e-01,4.626759402181210290e-02,1.739949831939588132e-01
6.559637850475797949e-01,5.035289139083466425e-01,5.076448743504017314e-01,3.821250230479974475e-01,5.165938426846221621e-01,4.727517814035542276e-01,4.963020695920672964e-01,8.001620753903438965e-01,8.096315104119847783e-01,5.050227878322053471e-02,9.051396863755128974e-01,9.022518172092149902e-01,2.507956394480982953e-01,6.894045973039223535e-03,1.500464687918556632e-02,1.466723835894535345e-02,5.939036047505607270e-09,3.387943535013786256e-02,6.320931668505866351e-08,5.000000018388316425e-01,4.003403820902020488e-02,1.579715856712805566e-01
6.480016270099017150e-01,5.052265635300483559e-01,5.071297040044486781e-01,4.139695204254401073e-01,5.141897857125131699e-01,4.733092437404928798e-01,4.985172994179858375e-01,8.001620753903438965e-01,8.096538165655665642e-01,5.050227878322052777e-02,8.960337783520921917e-01,8.903301309353324200e-01,2.442173067339348247e-01,7.309089312354097832e-03,1.528893808722713368e-02,1.494579411860028594e-02,5.912954688211113092e-09,3.482340681611804933e-02,6.477214096133051192e-08,5.000000018177006567e-01,4.077591654899406087e-02,1.498244770432846928e-01
6.400394894520483602e-01,5.054609882814803390e-01,5.076538140576498659e-01,4.458139533937987564e-01,5.098510093621059225e-01,4.730928346112848182e-01,4.994539838842440571e-01,8.001620753903438965e-01,8.096680880366925459e-01,5.050227878322052777e-02,8.864220334553323255e-01,8.788230706924795577e-01,2.455634938188335226e-01,7.412858534624356538e-03,1.536001681467447262e-02,1.501544000497797259e-02,5.867905390585503040e-09,3.505942497907465344e-02,6.587708627941341439e-08,5.000000018096241172e-01,4.096138783114412762e-02,1.477874881549301744e-01
6.320773726937896075e-01,5.043036538295426752e-01,5.065556357928170383e-01,4.776582587988756901e-01,5.056404659809149438e-01,4.726031727563140272e-01,5.006452354135679794e-01,8.001620753903438965e-01,8.096772189201213443e-01,5.050227878322052777e-02,8.762823237567100021e-01,8.678721786578821318e-01,2.495931863108742377e-01,7.266273347770087210e-03,1.511900223440255583e-02,1.460154357482763322e-02,5.835303025333570543e-09,3.339316988728101981e-02,6.697032593618909205e-08,5.000000018085803966e-01,4.422823391843806046e-02,1.407222957498502625e-01
6.241152778411904745e-01,5.031029897899328418e-01,5.052500193481268553e-01,5.095026923735868074e-01,5.025275656828039894e-01,4.726982198153697468e-01,5.038154886096574137e-01,8.001620753903438965e-01,8.096830608569093313e-01,5.050227878322052777e-02,8.655624581585693589e-01,8.576183717941491258e-01,2.528501166139457412e-01,6.970833502086085445e-03,1.488622211488367653e-02,1.432553770046426055e-02,5.784061347765811218e-09,3.297658566981109124e-02,6.853283682093186155e-08,5.000000018205309482e-01,4.504497878733085964e-02,1.351603508039213863e-01
6.161532073993548630e-01,5.028709461123173075e-01,5.031510639095805315e-01,5.413470598531291422e-01,4.981517409936087604e-01,4.719794184096994805e-01,5.071300862359660044e-01,8.001620753903438965e-01,8.096867985265118195e-01,5.050227878322052083e-02,8.542248080108237884e-01,8.481948546167278336e-01,2.503621678672237616e-01,6.896972449678460612e-03,1.474176437287890926e-02,1.425653548738251009e-02,5.765406048238429788e-09,3.287244117601961085e-02,7.033490120164486099e-08,5.000000018337485974e-01,4.501912763305498943e-02,1.327347037871517976e-01
6.081911629347488413e-01,5.054395724955150770e-01,5.000736634213187592e-01,5.731907486849262545e-01,4.957127675353172891e-01,4.688242051980862080e-01,5.098073123489149650e-01,8.001620753903438965e-01,8.096891898865288262e-01,5.050227878322051389e-02,8.420641511220254838e-01,8.397750877803805691e-01,2.351306988029092937e-01,6.792246861915870321e-03,1.470564787694724276e-02,1.406676288919602759e-02,5.858701197622150643e-09,3.336397304299928285e-02,7.224854207579090029e-08,5.000000018296774096e-01,4.547271962020675573e-02,1.310931548781175959e-01
6.002291424808131604e-01,5.074379216365720868e-01,4.988090356059342589e-01,6.050352602298006977e-01,4.970833618832383727e-01,4.653640004755198456e-01,5.128213481641344940e-01,8.001620753903438965e-01,8.096907198780313175e-01,5.050227878322051389e-02,8.293729164345812199e-01,8.319161249396660462e-01,2.259792101465294134e-01,6.766064464453899405e-03,1.469661906583283155e-02,1.393305375083443709e-02,5.649687946470959572e-09,3.314181971947390698e-02,7.349326716049255778e-08,5.000000018092589649e-01,4.420592148856813952e-02,1.313728228729836023e-01
5.922671489236305264e-01,5.078513557162743774e-01,4.965447512572192523e-01,6.368796840057077135e-01,4.988952585149112329e-01,4.610188676106645733e-01,5.160530947327963691e-01,8.001620753903438965e-01,8.096916987661875176e-01,5.050227878322051389e-02,8.162697898932312901e-01,8.245570193689977234e-01,2.202821346546992021e-01,6.845780562101694278e-03,1.460810028184408860e-02,1.381336265970740766e-02,5.623762018399912916e-09,3.274122851397961304e-02,7.411419155508552143e-08,5.000000018252713785e-01,4.204894553525199974e-02,1.293724729494594716e-01
5.843051810662388545e-01,5.061092638861366400e-01,4.948395038469533547e-01,6.687239270010578718e-01,4.970701850889317486e-01,4.639477276088710966e-01,5.214536084820715622e-01,8.001620753903438965e-01,8.096923250585693621e-01,5.050227878322051389e-02,8.032261008439004479e-01,8.167627741711538381e-01,2.227577033755397395e-01,6.779446953456076848e-03,1.441344391144095023e-02,1.352464847820948439e-02,5.687376021354094986e-09,3.281360370423436201e-02,7.485871325065404270e-08,5.000000018526430390e-01,4.473018431120592137e-02,1.240415909839188008e-01
5.763432409522182276e-01,5.047412452953904394e-01,4.944549962634784968e-01,7.005683743901802707e-01,4.974038368477582961e-01,4.664655230744339520e-01,5.255465429487459206e-01,8.001620753903438965e-01,8.096927257602686279e-01,5.050227878322051389e-02,7.898877091060418909e-01,8.095135161736998208e-01,2.266337543647032882e-01,6.676599479827712361e-03,1.384720073177645762e-02,1.319367952261145220e-02,5.885829719273471268e-09,2.989874319777574563e-02,7.547807970039201402e-08,5.000000018599615181e-01,4.655067263436013514e-02,1.109770582872632444e-01
5.683813311159445769e-01,5.039707855870061426e-01,4.937931750854141488e-01,7.324128513870106216e-01,4.995918614112471179e-01,4.685659453667844754e-01,5.277169026198261781e-01,8.001620753903438965e-01,8.096929821291092289e-01,5.050227878322051389e-02,7.760636444553212776e-01,8.029057721361583244e-01,2.274888950232382967e-01,6.219571667337876926e-03,1.310179701066609831e-02,1.276588478499911597e-02,5.929838071791192773e-09,2.761727759537646598e-02,7.632007878464892060e-08,5.000000018699772841e-01,4.010477393666302126e-02,9.183889724884804207e-02
5.604194514434636121e-01,5.037146841025164079e-01,4.924111467827744781e-01,7.642572653419493767e-01,5.018341244194878259e-01,4.706405386928185219e-01,5.277326088863236730e-01,8.001620753903438965e-01,8.096931461538252606e-01,5.050227878322051389e-02,7.617637139920132583e-01,7.968928086674943456e-01,2.247499514457162173e-01,5.587732325157901241e-03,1.205281104975417829e-02,1.188256812880084980e-02,6.009754589638970641e-09,2.463152682414349037e-02,7.755132231386986596e-08,5.000000018812670310e-01,2.791176296320451236e-02,7.463279571625196229e-02
5.524576030104451085e-01,5.037556301173856665e-01,4.900984008277179949e-01,7.961015711601198142e-01,5.028856911055221701e-01,4.718249776509622628e-01,5.256479207510380558e-01,8.001620753903438965e-01,8.096932510967949082e-01,5.050227878322050695e-02,7.469498197536359463e-01,7.915477350179321858e-01,2.186379769600954592e-01,5.084718002496197917e-03,1.118671953279157250e-02,1.114415679557062382e-02,6.090290167845279496e-09,2.095212960901426946e-02,7.876331739406018860e-08,5.000000018887339470e-01,1.635219780420660296e-02,6.377487722101142509e-02
5.444957880724976551e-01,5.044879288088871538e-01,4.862626118837929945e-01,8.279455419900794144e-01,5.046087415008794208e-01,4.699014165243438068e-01,5.217383208267007966e-01,8.001620753903438965e-01,8.096933182392789252e-01,5.050227878322050695e-02,7.312904005548994668e-01,7.873833053841656771e-01,2.065380274066941357e-01,4.872703055259872129e-03,1.053889022939847632e-02,1.061450846246462208e-02,6.065014386377453332e-09,1.916966639399997341e-02,7.983117248421974876e-08,5.000000018865160545e-01,1.093183071468458931e-02,6.002477338836770954e-02
5.365340038181394267e-01,5.072791767889806014e-01,4.832076672175343313e-01,8.597896375246725231e-01,5.081422092045001504e-01,4.668487423306323936e-01,5.182395154813306259e-01,8.001620753903438965e-01,8.096933611970222877e-01,5.050227878322050695e-02,7.151932172330166537e-01,7.849157261883775716e-01,1.913868318146001446e-01,5.423526938760034680e-03,1.020439262465539301e-02,1.013703865797812957e-02,6.040661422287695599e-09,1.803392365701106392e-02,8.059613729927285691e-08,5.000000018980049754e-01,7.966370490964172491e-03,5.805195376915937150e-02
5.323181764100649582e-01,5.101502270762049429e-01,4.825444584605915743e-01,8.916349621570404116e-01,5.126008322275122930e-01,4.647097790418707186e-01,5.164769068603113356e-01,8.001620753903438965e-01,8.096933886813750814e-01,5.050227878322051389e-02,7.064161667824995217e-01,7.952268285490341482e-01,1.833358543608820113e-01,5.561246467434106770e-03,9.948237533473514027e-03,9.931399657512439069e-03,8.341701669520017743e-09,1.740491923172471367e-02,8.117893641822920924e-08,5.000000021845126819e-01,6.304808383004067117e-03,5.686858358860976542e-02
5.338323141107220726e-01,5.123367662964531943e-01,4.822451788735008793e-01,9.199329971058249900e-01,5.153774319131410042e-01,4.630250745208780438e-01,5.158774837966421112e-01,8.001620753903438965e-01,8.096934062658567299e-01,5.050227878322052083e-02,7.073942786374166625e-01,8.206917114840690530e-01,1.787282360651481494e-01,5.509420309659255818e-03,9.711671649850419849e-03,9.793722231589292379e-03,6.202859677114912769e-09,1.690261216788324639e-02,7.921218877431771170e-08,5.000000019141813690e-01,4.969265452295798524e-03,5.622765951255124378e-02
5.355847834093364623e-01,5.133230608951742102e-01,4.819743743130078251e-01,9.160215260824283723e-01,5.178488960436180566e-01,4.605800978765199893e-01,5.145116903048276846e-01,8.001620753903438965e-01,8.096934175164033354e-01,5.050227878322052083e-02,7.098495685968136959e-01,8.241855954288838104e-01,1.758068529574763617e-01,5.410191797231325185e-03,9.566258573256238712e-03,9.673036373335976157e-03,3.656094211931514577e-09,1.660449554259524341e-02,7.621463547244829378e-08,5.000000015871725045e-01,3.945231822801161838e-03,5.537731463834019707e-02
5.384473312818283119e-01,5.140681177221965159e-01,4.828022414380433447e-01,9.028904678160154518e-01,5.201477687856577159e-01,4.595453779343368628e-01,5.147448905872692437e-01,8.001620753903438965e-01,8.096934247145001207e-01,5.050227878322052777e-02,7.153870340470664946e-01,8.244176875467799093e-01,1.758258771113492269e-01,5.385384830912923540e-03,9.529906783733657280e-03,9.642865529592481444e-03,5.115652019879445573e-09,1.652996983814980503e-02,7.680595694720214266e-08,5.000000017761520033e-01,3.689237846473457025e-03,5.516472550443969614e-02
5.400947285072006387e-01,5.147560114824193400e-01,4.822050307745295861e-01,8.826011236349496913e-01,5.205613402023177017e-01,4.583230956475569662e-01,5.150896348619792287e-01,8.001620753903438965e-01,8.096934293198405630e-01,5.050227878322052083e-02,7.188919461723692894e-01,8.161890986992785813e-01,1.717455883784885229e-01,5.465445678996913581e-03,9.348294370501379624e-03,9.549060637716285868e-03,5.622603833740623953e-09,1.651133921913783276e-02,7.756159862215431653e-08,5.000000018553413250e-01,2.475072247712822512e-03,5.476653012159272277e-02
5.408995454324537766e-01,5.151789596930221871e-01,4.816003072130019547e-01,8.619715496930692167e-01,5.221201136505998486e-01,4.554081097304797376e-01,5.132791933775542326e-01,8.001620753903438965e-01,8.096934322663361661e-01,5.050227878322052777e-02,7.207784453490068133e-01,8.047978088365348448e-01,1.681787399133954364e-01,5.485462904736444593e-03,9.216626050082955476e-03,9.525607020508006922e-03,6.295168948452766484e-09,1.633415684850292315e-02,7.819041988517139839e-08,5.000000019263994844e-01,1.711444323895045449e-03,5.363182958089477564e-02
5.426883546708390904e-01,5.156003431306865892e-01,4.812849330558434668e-01,8.469648969365284330e-01,5.232459767082188185e-01,4.538821282960277537e-01,5.130033105757481060e-01,8.001620753903438965e-01,8.096934341515031885e-01,5.050227878322052777e-02,7.240516872013467164e-01,8.004079881320256273e-01,1.656764709719863171e-01,5.490467106213987002e-03,9.183706415972143697e-03,9.519742934600504067e-03,6.843119078167302645e-09,1.628985711574171269e-02,7.877644112776511476e-08,5.000000019953696473e-01,1.060457946012685615e-03,5.334812561009753817e-02
5.449939929463132327e-01,5.155450030981920673e-01,4.811142924108630092e-01,8.238532156343678636e-01,5.176627187185705026e-01,4.532661748340575669e-01,5.142131210794493867e-01,8.001620753903438965e-01,8.096934353576326071e-01,5.050227878322052083e-02,7.283899141373549879e-01,7.921814245564331447e-01,1.646574864437444496e-01,5.750499719251376401e-03,9.089217450552919755e-03,9.432017648982526578e-03,6.348028887101219437e-09,1.679634750533174486e-02,7.899901553324824828e-08,5.000000019422459197e-01,4.376664670338371887e-04,5.258712121810487500e-02
5.471849673014107518e-01,5.146936719501210566e-01,4.822718000881427991e-01,8.195055100225466793e-01,5.151837975671748060e-01,4.513517929365250536e-01,5.129645209156526997e-01,8.001620753903438965e-01,8.096934361293138815e-01,5.050227878322052777e-02,7.329882260785324233e-01,7.956090011557923614e-01,1.699742408881614597e-01,5.642991539282354863e-03,9.065590874837726673e-03,9.410082240197636255e-03,6.758051125485264050e-09,1.761309432366729016e-02,7.950634408833559816e-08,5.000000019262267337e-01,9.720414728226943945e-04,5.239684177943804144e-02
5.495370917376056763e-01,5.148316983389545909e-01,4.826880531401293584e-01,8.130851694022416254e-01,5.148214451956467652e-01,4.518563256961715680e-01,5.143382823341240417e-01,8.001620753903438965e-01,8.096934366230353897e-01,5.050227878322052083e-02,7.373547789818404308e-01,7.989342057124206864e-01,1.705978599712628385e-01,5.616111336946630339e-03,9.059683309888899930e-03,9.318335655521614927e-03,5.898234907261422917e-09,1.781728491637511042e-02,7.977316392400908272e-08,5.000000018475776464e-01,4.155405401536898385e-04,5.234926985438524694e-02
5.522538207380753850e-01,5.155576319646539840e-01,4.817345363969095517e-01,8.003704063530359125e-01,5.080479648732014741e-01,4.530201523531858787e-01,5.164713984818726233e-01,8.001620753903438965e-01,8.096934369389182651e-01,5.050227878322052083e-02,7.418146542604346916e-01,7.999116552194517338e-01,1.660146278249790552e-01,5.609391797687677227e-03,9.058205798685841151e-03,9.295399336027959994e-03,5.722295644103025109e-09,1.838589558110846622e-02,8.067798510114469530e-08,5.000000018906011201e-01,7.364752589343100814e-04,5.199233480484759945e-02
5.551624068081886243e-01,5.157077507852597664e-01,4.817282816687198377e-01,7.913431110398484458e-01,5.084418288447470902e-01,4.544220680479609809e-01,5.179713409960958748e-01,8.001620753903438965e-01,8.096934371410199338e-01,5.050227878322052083e-02,7.469937853737902422e-01,8.033756091238397623e-01,1.652661370151338738e-01,5.607712545739692092e-03,9.057836225967884694e-03,9.375925980677778798e-03,5.779489005261194974e-09,1.887311949937210687e-02,8.146775170841881987e-08,5.000000017858936552e-01,3.566452671441510368e-04,5.190308608538029417e-02
5.571945945698942859e-01,5.160882627071904372e-01,4.808878552515152838e-01,7.796467335510397501e-01,5.088311281632221794e-01,4.545355193991703069e-01,5.179065503572540807e-01,8.001620753903438965e-01,8.096934372703246119e-01,5.050227878322052083e-02,7.502577576200291087e-01,8.024094862874115996e-01,1.616173115247888925e-01,5.607291975117636301e-03,8.971481445407021929e-03,9.482318518208609701e-03,5.662164188732487231e-09,1.882240058627827894e-02,8.196114057170144020e-08,5.000000018282201308e-01,8.916355817732783120e-05,5.188077187693283104e-02
5.587155118008714227e-01,5.171300344420267647e-01,4.804595643958705087e-01,7.673229463375775827e-01,5.102447443976584340e-01,4.548259440013284194e-01,5.176333535761571403e-01,8.001620753903438965e-01,8.096934373530536577e-01,5.050227878322052083e-02,7.526205326161079512e-01,7.995698908360548973e-01,1.571016076935645711e-01,5.607187268723923777e-03,8.949892231362003431e-03,9.508916768022323759e-03,5.919438390674924006e-09,1.863719422754851751e-02,8.248907904020580888e-08,5.000000018753900655e-01,2.229227519584865239e-05,5.187519088893858404e-02
5.603485673444107418e-01,5.174125397748364774e-01,4.811675015016639301e-01,7.585056309883092540e-01,5.116693380339873976e-01,4.550573947203576108e-01,5.172950623123909741e-01,8.001620753903438965e-01,8.096934374059836514e-01,5.050227878322051389e-02,7.557424373966861175e-01,7.989473730877517665e-01,1.576899960209149076e-01,5.520897749349413554e-03,8.858232683936055965e-03,9.429304603830981207e-03,6.177766860401544830e-09,1.859089185718267034e-02,8.288177105992213196e-08,5.000000019093431280e-01,5.574289522704101261e-06,5.118369967531220810e-02
5.622740995413723075e-01,5.173809661920099057e-01,4.818008691527566612e-01,7.487919992929932267e-01,5.129001266416112204e-01,4.548608461635486599e-01,5.165098463831719888e-01,8.001620753903438965e-01,8.096934374398483403e-01,5.050227878322051389e-02,7.593719127363914856e-01,7.986000260640899739e-01,1.589721661518707641e-01,5.499324487433823218e-03,8.835316775140600321e-03,9.409400834616181777e-03,6.072095832917722431e-09,1.857931628422383741e-02,8.303877803955855159e-08,5.000000019045047761e-01,1.395152147138615832e-06,5.170091755001827993e-02
5.644290879233828662e-01,5.171587811585300898e-01,4.826476556092506032e-01,7.428162481414858354e-01,5.140744118511489935e-01,4.547545386207721418e-01,5.154468080643515027e-01,8.001620753903438965e-01,8.096934374615148977e-01,5.050227878322051389e-02,7.635285174774006922e-01,8.014638369361164472e-01,1.614962991724672725e-01,5.493931301689370175e-03,8.829587474725284976e-03,9.404424784338519250e-03,6.059187047765800811e-09,1.857642248874548374e-02,8.341390824405289537e-08,5.000000019058814527e-01,3.504677435993042978e-07,5.183022289124321336e-02
5.656755203715861935e-01,5.174533990698119146e-01,4.823842463075551090e-01,7.362114243233354172e-01,5.143092204318343574e-01,4.545152245813942060e-01,5.145617713870517251e-01,8.001620753903438965e-01,8.096934374753772534e-01,5.050227878322051389e-02,7.655333149355105782e-01,8.013284563395473015e-01,1.597302844807833300e-01,5.492582758076867966e-03,8.741892429756712227e-03,9.316918722968857078e-03,5.803905030018751416e-09,1.840317163071981954e-02,8.375013932515665875e-08,5.000000018768312460e-01,8.937485703820276286e-08,5.186254740481284486e-02
5.666366631817525423e-01,5.176832176797595553e-01,4.823361661292804303e-01,7.288055540836914092e-01,5.152871885099683524e-01,4.546350227779845654e-01,5.141634345149278529e-01,8.001620753903438965e-01,8.096934374842463811e-01,5.050227878322051389e-02,7.671215223910211600e-01,7.995811444187979067e-01,1.586120185555396633e-01,5.492246276164709264e-03,8.719968655563594545e-03,9.295042340233698741e-03,5.887692229419582430e-09,1.853238608516634758e-02,8.427635524689703838e-08,5.000000018772645660e-01,2.409089051149007171e-08,5.187062775448422758e-02
5.681598521933366452e-01,5.178721901477705281e-01,4.822537959692973497e-01,7.163955496196086070e-01,5.167463736924930995e-01,4.550394742792913116e-01,5.138099914597644702e-01,8.001620753903438965e-01,8.096934374899208420e-01,5.050227878322050695e-02,7.696144974654928195e-01,7.963066378485171848e-01,1.573232388812632609e-01,5.664688668394347870e-03,8.887009876824234281e-03,9.289572801379857719e-03,5.989232339073379547e-09,1.839216356772984187e-02,8.453815216627760458e-08,5.000000018959729342e-01,7.960768125706467071e-09,5.221769531066051961e-02
5.700686069996718786e-01,5.178985859712761375e-01,4.821082939115998167e-01,7.066998918220149806e-01,5.173243446771961240e-01,4.557887615262094516e-01,5.138372758352167669e-01,8.001620753903438965e-01,8.096934374935512713e-01,5.050227878322050695e-02,7.728334001716403723e-01,7.961644867491569633e-01,1.565140889969149629e-01,5.880327808936119775e-03,9.101294358202319593e-03,9.374466804016708815e-03,6.226381306203831185e-09,1.835710674397968492e-02,8.490406258500131023e-08,5.000000019276242824e-01,4.041622830147597911e-09,5.195941599273237732e-02
5.725553325003956973e-01,5.189270560641610075e-01,4.816176734460608788e-01,6.865177469881849071e-01,5.143040128037827952e-01,4.564008702854045474e-01,5.145440205803361033e-01,8.001620753903438965e-01,8.096934374958740799e-01,5.050227878322051389e-02,7.764222072044505429e-01,7.917362873401410095e-01,1.515320303520009126e-01,5.934236092173385962e-03,9.241124241038237846e-03,9.481949690542067904e-03,5.983073709911178879e-09,1.834834292020411442e-02,8.500972207149749747e-08,5.000000018970672810e-01,3.037966415223932536e-09,5.189484619092797624e-02
5.741905369226509848e-01,5.201295719088335767e-01,4.818922983654119196e-01,6.759224742282597953e-01,5.136006349974381324e-01,4.556111446007906629e-01,5.135719356259355051e-01,8.001620753903438965e-01,8.096934374973602244e-01,5.050227878322051389e-02,7.788710966170958594e-01,7.908321353052703007e-01,1.480492758241217233e-01,6.033978522764328091e-03,9.276085710275532720e-03,9.508822945780806210e-03,6.350568189203142095e-09,1.817362487618663994e-02,8.535661220178959540e-08,5.000000018948252967e-01,2.676840176032791332e-09,5.187870058743460772e-02
5.750970624326489089e-01,5.214148149262679555e-01,4.817173446555363947e-01,6.686239671464956347e-01,5.136339456675440562e-01,4.552760703368192163e-01,5.133324388534160621e-01,8.001620753903438965e-01,8.096934374983110194e-01,5.050227878322051389e-02,7.798231183703943081e-01,7.898306412562362544e-01,1.432566750133727751e-01,6.058913932134248233e-03,9.284825738725395114e-03,9.601802259169097201e-03,6.136169024114889465e-09,1.812994453767909422e-02,8.552781842443706428e-08,5.000000018764578780e-01,2.560305246447017275e-09,5.187466531482919085e-02
5.754814902992739789e-01,5.221291590884449274e-01,4.811039537665611210e-01,6.630570024628523740e-01,5.137729863945608155e-01,4.547324274302010916e-01,5.128425154120948015e-01,8.001620753903438965e-01,8.096934374989193106e-01,5.050227878322051389e-02,7.798312231305483122e-01,7.879178903413572854e-01,1.392724060609193959e-01,6.065147805210504076e-03,9.287011046767813111e-03,9.797571060195043105e-03,6.042621632059973775e-09,1.829155172836582563e-02,8.575759401384099711e-08,5.000000018757184694e-01,2.534515514316934132e-09,5.221870385875908988e-02
5.759571803953340563e-01,5.227098406367315375e-01,4.806170198269228422e-01,6.580368243625959179e-01,5.140420145385985462e-01,4.544328163845789414e-01,5.126978160093986769e-01,8.001620753903438965e-01,8.096934374993085548e-01,5.050227878322051389e-02,7.800938743943517384e-01,7.866098985965594981e-01,1.360529768458018374e-01,6.066706287936970109e-03,9.287557681520865888e-03,1.027783162178630243e-02,6.077392929012813978e-09,1.815942677023729343e-02,8.592437161722698420e-08,5.000000018901895604e-01,2.512149771726743524e-09,5.230471380498542128e-02
5.761165883849550529e-01,5.232676339419339850e-01,4.799890338305294879e-01,6.551764429378916788e-01,5.141896056940452597e-01,4.539662285171204292e-01,5.122899784661985034e-01,8.001620753903438965e-01,8.096934374995575778e-01,5.050227878322051389e-02,7.798005389133165766e-01,7.856757216231604612e-01,1.326773942149777064e-01,6.067095776535236934e-03,9.460218928609891512e-03,1.057042462508139304e-02,6.051943064574726589e-09,1.795386802213727248e-02,8.603140067228643018e-08,5.000000018918527855e-01,2.486008963870140375e-09,5.232621797623297766e-02
5.762158549340234970e-01,5.238251144449790342e-01,4.794999058918711365e-01,6.510969259266105036e-01,5.139235277009431835e-01,4.533525753088787358e-01,5.120201211050255941e-01,8.001620753903438965e-01,8.096934374997168948e-01,5.050227878322051389e-02,7.793738361153579319e-01,7.837322988790271783e-01,1.295834243598814606e-01,6.067193185468553081e-03,9.675911858443447117e-03,1.090236396084243511e-02,5.991883551656184421e-09,1.790247812053158069e-02,8.612221255638249511e-08,5.000000018859220852e-01,2.470388412240306127e-09,5.233159356680004010e-02
5.762250967853046468e-01,5.244433366544789532e-01,4.792651216738244013e-01,6.484936079963847799e-01,5.130140323930664215e-01,4.522703344991834129e-01,5.115584429447225245e-01,8.001620753903438965e-01,8.096934374998188133e-01,5.050227878322050695e-02,7.789340573443643834e-01,7.825279767287156574e-01,1.269836997954850721e-01,6.153481078941563931e-03,9.988626118617255356e-03,1.133040380061750042e-02,6.073754062027302565e-09,1.823468472878458577e-02,8.627402813672983626e-08,5.000000018912706956e-01,2.447398726709529677e-09,5.233293806508688278e-02
5.765195597898628010e-01,5.249965224578000411e-01,4.790484145749540623e-01,6.465214725061432244e-01,5.131849243212802669e-01,4.511666154269058371e-01,5.111184014832721445e-01,8.001620753903438965e-01,8.096934374998839834e-01,5.050227878322050695e-02,7.790605190485967446e-01,7.827167771555201270e-01,1.246315899472309197e-01,6.175053111401413060e-03,1.006680507860724383e-02,1.143741413541996162e-02,6.030377204365987849e-09,1.831773717249302394e-02,8.636193935071117915e-08,5.000000018779952038e-01,2.417359940505495610e-09,5.233327530027439417e-02
5.769171468341802722e-01,5.255811270747011710e-01,4.789956223740168828e-01,6.449492818634896540e-01,5.135623803472427751e-01,4.505786621806340264e-01,5.112889407187473090e-01,8.001620753903438965e-01,8.096934374999257278e-01,5.050227878322050001e-02,7.794616070027954313e-01,7.835426914794005882e-01,1.225662761493892944e-01,6.180446111669028221e-03,1.008635028669678697e-02,1.146416696022846925e-02,5.932396913818348834e-09,1.833850028544483160e-02,8.646487331919470757e-08,5.000000018730372808e-01,2.406603201100111471e-09,5.233336027107005767e-02
5.772064715279436875e-01,5.259620512566068884e-01,4.788050417533582515e-01,6.421633190762446874e-01,5.138891478283031944e-01,4.500157815438575182e-01,5.115379990681572231e-01,8.001620753903438965e-01,8.096934374999524842e-01,5.050227878322050001e-02,7.796090579048029490e-01,7.830388764036866345e-01,1.207905559006616364e-01,6.181794253829736747e-03,1.009123713783018420e-02,1.147085569898128980e-02,5.850345215049611864e-09,1.834369104560822430e-02,8.649031825212988281e-08,5.000000018669750190e-01,2.413612880336460584e-09,5.233338091740852988e-02
5.779022655178059908e-01,5.257725928858451026e-01,4.792175615361441987e-01,6.392311221037314528e-01,5.144782927221490665e-01,4.495305395301352758e-01,5.117992289603804368e-01,8.001620753903438965e-01,8.096934374999695816e-01,5.050227878322050001e-02,7.810041935070219932e-01,7.833057731198947993e-01,1.222552004470679188e-01,6.182131443059199136e-03,1.009245951109216492e-02,1.138626658938965072e-02,5.936772080713791650e-09,1.834498876435771905e-02,8.655736069020525471e-08,5.000000018788086642e-01,2.422583839474603689e-09,5.233338606612903537e-02
5.785837549622409037e-01,5.256659647058352647e-01,4.791079540584857743e-01,6.344692517704517698e-01,5.150009662757509821e-01,4.488991020016551148e-01,5.118844649293834426e-01,8.001620753903438965e-01,8.096934374999805728e-01,5.050227878322050695e-02,7.820042760094029211e-01,7.824312789409809676e-01,1.221751605348255776e-01,6.182215261917260903e-03,1.009276524551903399e-02,1.145138115172682387e-02,5.902451978398159111e-09,1.817278577875422116e-02,8.652440623743920850e-08,5.000000018828352211e-01,2.446740836880356758e-09,5.233338762086802570e-02
5.790514262351937891e-01,5.258577608221135513e-01,4.789930618565699794e-01,6.309121558855752543e-01,5.153878610120827819e-01,4.482229829339280380e-01,5.119784004494279950e-01,8.001620753903438965e-01,8.096934374999875672e-01,5.050227878322050695e-02,7.825611478374860930e-01,7.818430752012486273e-01,1.211705455553118149e-01,6.182236555890768988e-03,1.009284226909084453e-02,1.146766034273759456e-02,5.988484492843992042e-09,1.812973491779631616e-02,8.677977628046808861e-08,5.000000018938715041e-01,2.461785658177239833e-09,5.233338809065136293e-02
5.795212059135513849e-01,5.261975006779457953e-01,4.789899422014424202e-01,6.269681460926739280e-01,5.157853325877688189e-01,4.476054759835006447e-01,5.120094441414393405e-01,8.001620753903438965e-01,8.096934374999920081e-01,5.050227878322050001e-02,7.830732439945393697e-01,7.810985050219617642e-01,1.198896971962063740e-01,6.182241884379465272e-03,1.009286185871316466e-02,1.147173040169828864e-02,5.966416811828122730e-09,1.794644480654946847e-02,8.690657934538400396e-08,5.000000018887200692e-01,2.453331157868212917e-09,5.233338852833094301e-02
5.802846327220378964e-01,5.264686517963557133e-01,4.789416908471546552e-01,6.225667897629586500e-01,5.159601975938714613e-01,4.472222199060454928e-01,5.122619469993456853e-01,8.001620753903438965e-01,8.096934374999947837e-01,5.050227878322050001e-02,7.841062174478735658e-01,7.810518983925025527e-01,1.187204651147523854e-01,6.182243276698222087e-03,1.009286711156013455e-02,1.147274824349540055e-02,5.982117141753161844e-09,1.790062224293617263e-02,8.704464246367022395e-08,5.000000018873230756e-01,2.445376391335294847e-09,5.233338875230398451e-02
5.813664666762995425e-01,5.267162781340722910e-01,4.790753762787221537e-01,6.177855807649393904e-01,5.166598751233406617e-01,4.468001636038517743e-01,5.124709994067333518e-01,8.001620753903438965e-01,8.096934374999965600e-01,5.050227878322050001e-02,7.857930601596951892e-01,7.818300927726884453e-01,1.180342313911400404e-01,6.182243627659039786e-03,1.009286873312438548e-02,1.138674121818693610e-02,5.953060384752672247e-09,1.771663920950524926e-02,8.711862814340956141e-08,5.000000018803624213e-01,2.433012507733507618e-09,5.198834156528543693e-02
5.820956257672513789e-01,5.264489922182002957e-01,4.793258459810126881e-01,6.150381204835992932e-01,5.167757993343499168e-01,4.463621698526904491e-01,5.126016045520633835e-01,8.001620753903438965e-01,8.096934374999977813e-01,5.050227878322050001e-02,7.872214057190064507e-01,7.823272223009283266e-01,1.194074041907691591e-01,6.354771064863492559e-03,1.009286937299190903e-02,1.136523968998733383e-02,5.900965167723581102e-09,1.767064336432508029e-02,8.711516392906507582e-08,5.000000018771141308e-01,2.428012554792881090e-09,5.190207978115159854e-02
5.825488409575295679e-01,5.263194816375394991e-01,4.797496096288292877e-01,6.122479804067770814e-01,5.169335400602167452e-01,4.462671955005996782e-01,5.131990713370424562e-01,8.001620753903438965e-01,8.096934374999985584e-01,5.050227878322050001e-02,7.881612219265208275e-01,7.818845889677685790e-01,1.207204207485459146e-01,6.397902855050361694e-03,1.009286969841338179e-02,1.135986433037881535e-02,5.881042437591287593e-09,1.765914438044710252e-02,8.706259280009867209e-08,5.000000018763628429e-01,2.435416731116478723e-09,5.188051338217641167e-02
5.830420102408764294e-01,5.269209659903711929e-01,4.802467546577918189e-01,6.081425877535248103e-01,5.170793218299285510e-01,4.456615064677589277e-01,5.131679959354352727e-01,8.001613342618928426e-01,8.097157058946685693e-01,5.050286793556616610e-02,7.885986081924913904e-01,7.815351512434325354e-01,1.196908162026718153e-01,6.236158227002419792e-03,1.009286984424040759e-02,1.135852045527007033e-02,6.091101074742465711e-09,1.765626959644647428e-02,8.711831165123648005e-08,4.999999968477031320e-01,-2.715384415371585606e-08,5.187511102918832689e-02
5.832957127891742477e-01,5.271235433549308347e-01,4.802131665768729629e-01,6.065394991397670132e-01,5.167893067582027822e-01,4.451987003060439707e-01,5.132412529213844499e-01,8.001612682992950143e-01,8.097524926818757685e-01,5.050294081503017146e-02,7.888525411561975176e-01,7.815400220146926369e-01,1.189509005952063270e-01,6.368249655404889520e-03,1.017913208718089317e-02,1.135818471227083466e-02,5.952877419998214021e-09,1.765555095464440769e-02,8.731948173965544118e-08,5.000000035954718092e-01,-1.477357788255202449e-08,5.187376586172690041e-02
5.834441456670557136e-01,5.272602879572418910e-01,4.800204670533231299e-01,6.048190832337113632e-01,5.164879543703568832e-01,4.446278180414894310e-01,5.132396364538012179e-01,8.001613679103717347e-01,8.097794725796907400e-01,5.050303774087936542e-02,7.886989629526051093e-01,7.813588535185049810e-01,1.180895278481246813e-01,6.228745287321925742e-03,1.037322247362893780e-02,1.222073318967778141e-02,5.909428619884903595e-09,1.731031640557286963e-02,8.744796068886621082e-08,4.999999917530146831e-01,-2.237766233824255834e-08,5.083828469798874067e-02
5.836828046408906179e-01,5.275981528763711292e-01,4.792395473989131682e-01,6.029918120290131966e-01,5.163993078310377127e-01,4.437530896049703411e-01,5.129315977522849179e-01,8.001613758398979925e-01,8.098116130054805462e-01,5.050306653618472086e-02,7.884897409802709145e-01,7.814391519695822463e-01,1.152317239230238877e-01,6.107605405644685702e-03,1.076679964355095782e-02,1.373032410535519020e-02,5.913786023211952409e-09,1.843169824439110788e-02,8.761841000496974328e-08,4.999999962337695614e-01,-1.374015979309063373e-08,5.092446059464661445e-02
5.840458542564040956e-01,5.277459162247910562e-01,4.781299817500937466e-01,6.017194056480918984e-01,5.161624522524327352e-01,4.420968260303423381e-01,5.119486434074860259e-01,8.001614280484310449e-01,8.098529711359682137e-01,5.050297044905348309e-02,7.886232892053273158e-01,7.820474441740683513e-01,1.123269742282563544e-01,6.163584196750888748e-03,1.155530332214781478e-02,1.462530586782424119e-02,5.897876083179864066e-09,2.060984196619398967e-02,8.784388219338290035e-08,5.000000028440928501e-01,3.119972967720422298e-09,5.198114783081251439e-02
5.843751091479368887e-01,5.277854674442906679e-01,4.772819895082683339e-01,6.000576044112972962e-01,5.159969444497424229e-01,4.410312218668748230e-01,5.116332344791280073e-01,8.001614303695114838e-01,8.098720807880660510e-01,5.050295442532075352e-02,7.887639339932250859e-01,7.822247209475783336e-01,1.103358988046868744e-01,6.177579052879834075e-03,1.218374840589741409e-02,1.502157999645726758e-02,5.852266344971423235e-09,2.115438335732692729e-02,8.778931198591372266e-08,5.000000044162586921e-01,-1.023576958747343238e-08,5.224532022068094361e-02
5.847185051541121670e-01,5.278915234853185368e-01,4.766190424364659117e-01,5.991800393109121270e-01,5.155106455234155227e-01,4.393708890168916414e-01,5.110278780099255513e-01,8.001613261192984661e-01,8.099246362482197537e-01,5.050296275167923815e-02,7.890486654950591427e-01,7.830096957394746537e-01,1.086420889859969624e-01,6.439868962799092690e-03,1.337602450283263515e-02,1.667339455689788655e-02,5.868385895110560808e-09,2.387842673916113975e-02,8.781866924919667366e-08,5.000000076160515672e-01,-1.415319887655581376e-08,5.334650855754866777e-02
5.848391467996256754e-01,5.281170779426372919e-01,4.763436045463450563e-01,5.972474409541619345e-01,5.158008949706270885e-01,4.374002717648086680e-01,5.104927029286761009e-01,8.001615300027729027e-01,8.099264839851113562e-01,5.050273958222219889e-02,7.886960589626235141e-01,7.827858388348973850e-01,1.072978625791346230e-01,6.764232424751371459e-03,1.427794040532835013e-02,1.777645958326815739e-02,5.838246448616456758e-09,2.611218738682384230e-02,8.765039353060850706e-08,4.999999900924157470e-01,2.380336420281150593e-08,5.465696597496844805e-02
5.850043290386386374e-01,5.280519784253956406e-01,4.761176844196078339e-01,5.966062399902036795e-01,5.159489652973111573e-01,4.355398703852362274e-01,5.102357795614697045e-01,8.001615646655121372e-01,8.099561367060992279e-01,5.050262315482637043e-02,7.888521819131374402e-01,7.830207504152609799e-01,1.071401580794050790e-01,7.341339905801701551e-03,1.467594712213871749e-02,1.796596261656876331e-02,5.904411299992017588e-09,2.787832140490633173e-02,8.760174971051903795e-08,5.000000011703246150e-01,-1.733894505459082970e-08,5.532964018798153943e-02
5.851499504545962793e-01,5.283093111443517564e-01,4.756086815089203834e-01,5.947195326697001239e-01,5.158488303501901351e-01,4.341044037656702770e-01,5.103090328387481778e-01,8.001616917815614904e-01,8.099409889718921507e-01,5.050240666268106943e-02,7.885098075508530924e-01,7.828508766616899539e-01,1.052378722995247207e-01,7.830671472859348017e-03,1.494797604081061354e-02,1.833682663043792460e-02,5.859670200278043479e-09,2.814732763545832461e-02,8.749365972386015203e-08,4.999999899244708668e-01,2.328618805068383229e-08,5.584286394985472912e-02
5.856839024656256276e-01,5.284649107942194224e-01,4.754460186549136491e-01,5.914494079979499830e-01,5.160856368172522801e-01,4.327413256751355686e-01,5.103686854087847724e-01,8.001617387150470329e-01,8.099875534667237975e-01,5.050230306879140152e-02,7.888670096823204858e-01,7.831439376310032063e-01,1.043318549225343839e-01,8.125532255469110690e-03,1.544730232579449684e-02,1.955097157162481725e-02,5.873310844447798002e-09,3.080248916165076803e-02,8.761374572581184634e-08,4.999999860020591380e-01,-3.639798171449512448e-08,5.942169972865166822e-02
5.863119331894632857e-01,5.283917811006016985e-01,4.755928292323461370e-01,5.852252864311831004e-01,5.154791223040344761e-01,4.271540974277465152e-01,5.103724326438620063e-01,8.001624701247415095e-01,8.100921216739684905e-01,5.050251778240569950e-02,7.891985046042190310e-01,7.820664068202288766e-01,1.050373008803281993e-01,9.924520108517381756e-03,1.652103393071069001e-02,2.503032431209815944e-02,7.034406064418118616e-09,3.319155416000936498e-02,7.754393822990439389e-02,4.999999889810740061e-01,-4.807283299554134374e-08,6.549217423863600007e-02
5.869085664470219399e-01,5.286413530199506328e-01,4.755042050210016025e-01,5.811930486944039131e-01,5.160915090053592724e-01,4.222571513052825187e-01,5.112036486933024815e-01,8.001637492328885770e-01,8.103081963958521650e-01,5.050137639785338278e-02,7.895888693306913897e-01,7.823239790787167580e-01,1.045146701204641981e-01,1.520503267812559761e-02,1.722078564555976771e-02,3.951212278407307404e-02,9.660120821150241239e-09,3.534156931476641755e-02,2.645334108188871491e-01,4.999999817912278433e-01,-4.946635978320303217e-08,7.253067788763753465e-02
5.873594809830896546e-01,5.290185882865287015e-01,4.752082136293898640e-01,5.781458462090032224e-01,5.169855826986824443e-01,4.173445791829181739e-01,5.120381072451685167e-01,8.001655453709851651e-01,8.105055685192661397e-01,5.049743485139579491e-02,7.896484417746590934e-01,7.828430565941115749e-01,1.032171242647179632e-01,2.333998007424209487e-02,2.358513561675527198e-02,5.986744560075955152e-02,-6.573307887198869725e-11,3.639666463003082136e-02,5.033704380871206752e-01,4.999999759464911486e-01,-5.257180278990314148e-08,8.015623938738089538e-02
5.878722196205339312e-01,5.294949492373407507e-01,4.748848648162075636e-01,5.754412847325213187e-01,5.175861394258780557e-01,4.123756242884097367e-01,5.129084811175063097e-01,8.001682209900345955e-01,8.108968533170668458e-01,5.049053726148701460e-02,7.899616340648838442e-01,7.836469065310458504e-01,1.015410115455008255e-01,3.054955485779978566e-02,2.974820450057737500e-02,7.341043774452740700e-02,9.208182062372830056e-10,3.459010946346279675e-02,6.770833744486801642e-01,4.999999763525349028e-01,4.818423300961580392e-08,8.344288499974959750e-02
5.882488662338367646e-01,5.297882134254444653e-01,4.744749509342124916e-01,5.738962527900437482e-01,5.179837308027795961e-01,4.073618906896255276e-01,5.126669061378175130e-01,8.001706458717955384e-01,8.113688265030268854e-01,5.047714932733515097e-02,7.902220676184391612e-01,7.844530459320659954e-01,1.002476709795007415e-01,3.390470541446165276e-02,3.249665346350962686e-02,7.852155399339254271e-02,3.854236159225576115e-09,3.620879214156481896e-02,7.440415931976646080e-01,4.999999770098644269e-01,-5.116027175295348738e-08,8.529972155034086512e-02
5.883910234783576998e-01,5.298412875347356943e-01,4.742899055990595358e-01,5.722539782005900966e-01,5.192286589527367324e-01,4.023094717335721771e-01,5.127656406974611114e-01,7.994716798096922483e-01,8.111423320426632833e-01,4.864093037591536023e-02,7.898709652222098976e-01,7.846840298737389752e-01,1.001149173534473524e-01,4.224840632639766114e-02,4.068866954952698317e-02,9.446397442963620772e-02,5.582202373785304656e-09,4.161674611895040121e-02,9.283748357728319744e-01,4.999999695322111526e-01,-5.082195630400350887e-08,1.016362391234337664e-01
5.882469434091512905e-01,5.297832506227604377e-01,4.746315053002553297e-01,5.711621750306352663e-01,5.209667469839410758e-01,3.972511928372162715e-01,5.150260968473152623e-01,7.994582446223765793e-01,8.109226177116763967e-01,4.963102176732392401e-02,7.895381381400202736e-01,7.848494885613447325e-01,1.010649388851874719e-01,5.580732112099006520e-02,5.783263171268973601e-02,1.209637910843966574e-01,4.106458196374543530e-06,4.693520561130831714e-02,9.820860847674534044e-01,5.000000367362598119e-01,-1.269694824575529836e-06,1.474690588486763931e-01
5.880202958937739144e-01,5.298762424781398028e-01,4.750176530359687677e-01,5.699520899303144317e-01,5.216105607978051006e-01,3.927481347810140022e-01,5.185033234151082970e-01,7.995745942018128716e-01,8.105960070496304182e-01,5.007051096667849976e-02,7.891677078599381723e-01,7.844815617025514554e-01,1.011363428887371990e-01,7.110140145954685353e-02,7.807722399058213136e-02,1.479467961416564836e-01,4.534111239102352214e-06,5.050778184864005566e-02,9.955166444271744686e-01,5.000000058025382277e-01,2.011463287264988933e-03,2.237917784842521907e-01
5.876759909007568394e-01,5.298866111340325702e-01,4.752684557555935663e-01,5.687441250899271106e-01,5.220639946585993174e-01,3.881367584020196659e-01,5.214080779710292823e-01,7.993871139158990058e-01,8.102414953729246694e-01,5.051382058511985629e-02,7.882239969482339736e-01,7.841003118564440211e-01,1.014427658664495135e-01,8.605297523607877141e-02,9.961471279776426546e-02,1.746195940834555094e-01,-6.215278088888502567e-06,5.519589882032781281e-02,9.988734496712147193e-01,4.999997750515714490e-01,3.893132451674721165e-03,2.935936383923467563e-01
5.875980283871414800e-01,5.299207018697803528e-01,4.755728276500111318e-01,5.682742949784511666e-01,5.222630174245601609e-01,3.839443109233073304e-01,5.222478433169388534e-01,7.993902354527646636e-01,8.102553472756116593e-01,5.098389884636254921e-02,7.874493050849940001e-01,7.842290193996990233e-01,1.021331373795897751e-01,1.000562698143505069e-01,1.231143256890599169e-01,1.992308494511894346e-01,-8.247030222647141353e-06,6.102558800522007304e-02,9.997113050902075582e-01,4.999999555183886057e-01,5.972718507829610085e-03,3.441723971551156058e-01
5.876020456192870833e-01,5.297709346551361387e-01,4.754437471173522112e-01,5.699821146138926986e-01,5.216788215789184280e-01,3.797972695091420547e-01,5.225843569371271258e-01,7.998921205712778981e-01,8.106329199325137402e-01,5.159324463438044739e-02,7.872859265789483585e-01,7.846598020585109357e-01,1.030483038334627788e-01,1.123560271726167792e-01,1.445168600200752440e-01,2.139243422501616032e-01,-8.560412662579594792e-06,6.783136436508194200e-02,9.876981543807348274e-01,4.999999577449780741e-01,9.253506534900616740e-03,4.061591029241611861e-01
5.864993595863570164e-01,5.301700056342156797e-01,4.750157548697756527e-01,5.803408675525008054e-01,5.198821673942808363e-01,3.742920470837455826e-01,5.250397317425363752e-01,8.029541032395175471e-01,8.110708920279298129e-01,5.167368596011526899e-02,7.879469966080751009e-01,7.845132743831985112e-01,1.040080860199368157e-01,1.393256404666065595e-01,1.630660951338084586e-01,2.235499054341713587e-01,-8.118507087300241254e-06,8.040198576628056204e-02,9.535132950900931936e-01,4.999999342887746501e-01,1.145462404489351257e-02,4.778918317392768511e-01
5.861747311303946439e-01,5.297601645423332117e-01,4.749621931036503986e-01,5.936948045490463288e-01,5.178065676325921407e-01,3.689179481329611376e-01,5.250582330722954882e-01,8.090340708959014027e-01,8.149369271258525282e-01,5.374797650162369683e-02,7.916525836866010746e-01,7.874766832258049964e-01,1.071368159628047628e-01,1.604742809565679607e-01,1.755535490490815476e-01,2.287168477651107812e-01,-7.653245468004884867e-06,8.734046922431709659e-02,9.359785881365683124e-01,4.999999159625619360e-01,1.292543762172311886e-02,5.158509717681010187e-01
5.854249653032299605e-01,5.288472993526586174e-01,4.747831140318533039e-01,6.125026932036923277e-01,5.162446289888785733e-01,3.634950610394822035e-01,5.239262516505127643e-01,8.142910971733866576e-01,8.220321403394270643e-01,5.767320098496451358e-02,7.938940859977017261e-01,7.936665190004059678e-01,1.116021031791129547e-01,1.718001819846011191e-01,1.838512950558645609e-01,2.296635802778164703e-01,-7.422844165873870672e-06,8.993779537868919205e-02,9.230615898460610147e-01,4.999999323052218836e-01,1.444339613975357574e-02,5.543254670227831804e-01
5.848768981573873038e-01,5.273786569418658088e-01,4.736074652166061272e-01,6.312059855446969792e-01,5.140775675927183874e-01,3.584615054340768991e-01,5.217120576047522551e-01,8.222323531609080360e-01,8.308259511812207121e-01,6.039031374317639644e-02,7.950364592852543488e-01,8.014925321723023188e-01,1.152708497415698835e-01,1.779959967718014180e-01,1.891175392562323698e-01,2.299002526851686157e-01,-8.314379150210380467e-06,9.162202321777521141e-02,8.548019074185529975e-01,5.000000515021807423e-01,1.620168003535667547e-02,5.894761283422634834e-01
5.847372894381195341e-01,5.262249166837571490e-01,4.722759092373220446e-01,6.457669690184386635e-01,5.117271443032700429e-01,3.530376615817256702e-01,5.204217084008966321e-01,8.223881569164562810e-01,8.397487171830094743e-01,6.564473160744375979e-02,7.959638505084200011e-01,8.087618498409957501e-01,1.178706947516469372e-01,1.798037172778497728e-01,1.902615740505041453e-01,2.297868905886692736e-01,-6.571140412437387614e-06,9.187148194089719833e-02,9.636746221044757421e-01,4.999991239498469131e-01,-9.682436537541840027e-03,5.647217185876364232e-01
5.840788446028909453e-01,5.257129023373237064e-01,4.713446267846853610e-01,6.568906072187294942e-01,5.113316070390668822e-01,3.448038705164356843e-01,5.190574669890770654e-01,8.224166116838852458e-01,8.446051180370950373e-01,6.651148368356299412e-02,7.949805609991604793e-01,8.132777994987614445e-01,1.185107475105762614e-01,1.807731974632917071e-01,1.900299718619286593e-01,2.291546985161974082e-01,7.609332616096953805e-06,9.176131221190828025e-02,9.904218153754914544e-01,4.999988067620699250e-01,-2.280547809200279136e-02,5.913834500371347724e-01
5.810201245967167027e-01,5.249643252427924622e-01,4.702289647127342875e-01,6.731411172713545055e-01,5.156277309190465674e-01,3.379300517343479804e-01,5.161977362893762633e-01,8.186175564571471774e-01,8.429848232848514700e-01,6.987266286997650955e-02,7.899708682026342910e-01,8.127743964726175108e-01,1.194602159032338434e-01,1.810155536783015218e-01,1.897132741695002345e-01,2.285653405358268053e-01,7.420123395191312304e-06,9.190647637245964729e-02,9.975983028456847368e-01,4.999987213443998213e-01,-2.486113900055334988e-02,5.951765126324422006e-01
5.787124505181863166e-01,5.237822271747676339e-01,4.684943717449479017e-01,6.882815080021019716e-01,5.179254639190457032e-01,3.397715803456515804e-01,5.125890234277338253e-01,8.147669496992206994e-01,8.424019186785747237e-01,7.152334533978993436e-02,7.860508245161929031e-01,8.131107112929941705e-01,1.195900584731139776e-01,1.826288791953829260e-01,1.904967150919307239e-01,2.279866695443745761e-01,7.212755776986568376e-06,9.177036158185249148e-02,9.993928642548233210e-01,4.999986412520894263e-01,-2.360901492745338601e-02,5.913311193729796633e-01
5.765869092877002888e-01,5.217998236763562447e-01,4.665915801679622055e-01,7.055295788889639486e-01,5.213004430773648945e-01,3.460245557185009924e-01,5.052571919998490868e-01,8.107334091520169705e-01,8.414885572435489847e-01,7.601090299488859336e-02,7.826182484746219137e-01,8.138250891966440914e-01,1.216233730597661850e-01,1.825146663602128239e-01,1.895711938655505746e-01,2.255991942430234931e-01,-7.608367521665274178e-06,9.380636320159170538e-02,9.998412468846622492e-01,4.999986440542631971e-01,-2.562399046617951093e-02,5.930099589882608102e-01
5.747626556982996515e-01,5.190713350844731178e-01,4.646283359504383426e-01,7.233868931661764368e-01,5.224867225831766326e-01,3.542340961153364609e-01,4.997497051014490044e-01,8.072997057893452899e-01,8.418281541424526004e-01,8.179637894524781350e-02,7.797428325805881855e-01,8.153289781061580088e-01,1.256189505230125292e-01,1.846426564239407042e-01,1.908062381976383948e-01,2.249159869396481215e-01,-7.916901542045939091e-06,9.431543848350658343e-02,9.999533672739717716e-01,4.999986799707861751e-01,-2.519954872526398645e-02,5.912093328651037982e-01
5.738997462795248916e-01,5.171909431612677910e-01,4.631757010256454810e-01,7.400835800505468631e-01,5.226810671676356268e-01,3.597270798802404412e-01,4.960403373120967352e-01,8.059774640618652120e-01,8.469645998920301011e-01,8.489615736236894028e-02,7.780799686919058766e-01,8.207571449548161091e-01,1.279672508734946423e-01,1.863823761788408195e-01,1.935304067990372967e-01,2.251765248509432493e-01,-8.197422062805704781e-06,9.427020861201577950e-02,9.999814571836278532e-01,4.999987292778872439e-01,-2.412324068611998440e-02,5.883195768961326788e-01
5.728661525831308943e-01,5.149023712309406253e-01,4.611829324231687677e-01,7.547270015543892097e-01,5.277122747342694042e-01,3.610956318897621253e-01,4.950205662532883299e-01,8.050476916767085322e-01,8.506635805671870498e-01,9.010713549790273780e-02,7.754648826430114994e-01,8.256040228524664792e-01,1.296650746613530192e-01,1.868173021576501891e-01,1.942114460809890031e-01,2.252416605431215857e-01,7.898399197368931974e-06,9.425890853453360030e-02,9.999885074412088182e-01,4.999987877644901935e-01,-2.394434596868129372e-02,5.871686787537090391e-01
5.728613229569332610e-01,5.114618999075088990e-01,4.589993083771559124e-01,7.649770099918212773e-01,5.348175693991995550e-01,3.617816406552687991e-01,4.941651800878487655e-01,8.064272486027916909e-01,8.539215123608560054e-01,9.970108581686999705e-02,7.746210447832695412e-01,8.304205378210205435e-01,1.338142961851001567e-01,1.869260598239584070e-01,1.943817508150926798e-01,2.252579520339064445e-01,7.271645471634355108e-06,9.425616861545975389e-02,9.999903589283225536e-01,4.999988211043674413e-01,-2.346680779396821334e-02,5.845253512783035177e-01
5.738071281139396351e-01,5.072728310649082806e-01,4.554133795758971703e-01,7.727705272218491350e-01,5.427774554037030352e-01,3.726204385517469797e-01,4.854503140180579379e-01,8.071672848419522150e-01,8.548782536098823437e-01,1.096148244098912872e-01,7.750662946892609151e-01,8.337089208467597379e-01,1.369451039542722293e-01,1.887645733245439106e-01,2.001170515445183096e-01,2.231056683726835577e-01,7.841212404967856360e-06,9.701527622967516529e-02,9.999904255182907598e-01,4.999988914848493282e-01,-2.288654102913204383e-02,5.783919768918396320e-01
5.753640164401703228e-01,5.028680099224620559e-01,4.508641452492786472e-01,7.794122673614343189e-01,5.507370655064118825e-01,3.811461051182193915e-01,4.802538771246361859e-01,8.091446241513653437e-01,8.581936576664628280e-01,1.178701401305363577e-01,7.757376487897560402e-01,8.384847198364042686e-01,1.380982512203391965e-01,1.890520708946773210e-01,2.022421006949204902e-01,2.215321151915557174e-01,-7.645491269296814205e-06,9.908567587340030847e-02,9.999904016498348813e-01,4.999989632250775307e-01,-2.244914928785815555e-02,5.734075751792965248e-01
5.779788853496055090e-01,4.982975803610017462e-01,4.447956905832789465e-01,7.866683016008811924e-01,5.586961902920236644e-01,3.890690546755959378e-01,4.754587431587976032e-01,8.119761291702389805e-01,8.656119394094387021e-01,1.220466165335804820e-01,7.765016938208804120e-01,8.464822786148937794e-01,1.350801032877384511e-01,1.892100621318540676e-01,2.031182567555234741e-01,2.200173412152596208e-01,-7.854141086932291122e-06,1.020185350970950061e-01,9.996557053660067860e-01,4.999991464004759356e-01,-2.312501703298926875e-02,5.687110790253310233e-01
5.804094057919855221e-01,4.948486517003417573e-01,4.382808470943547752e-01,7.907970635848177166e-01,5.666557939593127591e-01,3.963798574003972730e-01,4.724296793913693726e-01,8.133432009230544546e-01,8.711918322509972779e-01,1.217036889769970431e-01,7.758521236059570114e-01,8.520192126746549688e-01,1.280046202105830644e-01,1.890770364523839120e-01,2.029921754138392098e-01,2.182584527578184108e-01,-7.878920582091495208e-06,1.043049387335185652e-01,9.999069961163646880e-01,4.999992052116645769e-01,-2.337846501292720203e-02,5.637413654784448891e-01
5.826283951446940002e-01,4.921190199412031618e-01,4.321762595821559416e-01,7.907815570596644639e-01,5.746157766113824117e-01,4.042693929010993670e-01,4.699533036573552147e-01,8.140341129798696063e-01,8.735165544089039669e-01,1.203293053805233326e-01,7.749299223104678669e-01,8.539293532825948940e-01,1.201584304182636426e-01,1.897337020342634295e-01,2.030466838594181533e-01,2.172147499902373491e-01,6.968513906293244192e-06,1.055668421031429188e-01,9.999700249863877621e-01,4.999992590294465300e-01,-2.308640834063833275e-02,5.593933428896605831e-01
5.851237187569008347e-01,4.887514245434668725e-01,4.275112492442189049e-01,7.868749698514618807e-01,5.825757315590658347e-01,4.105497582238069043e-01,4.691297970454239574e-01,8.171465538260894723e-01,8.748350973129256358e-01,1.261720974936717532e-01,7.762676163648276617e-01,8.542116340287159160e-01,1.189278525718091839e-01,1.911055828577504223e-01,2.038365777623342423e-01,2.167813045279957662e-01,6.043512130110196857e-06,1.060549824064420110e-01,9.999859476224364219e-01,4.999992732453649724e-01,-2.231158287078026034e-02,5.552007633670849041e-01
5.875054778985189241e-01,4.845231365992361261e-01,4.230773141227335277e-01,7.891086300571652501e-01,5.905354040987853548e-01,4.161587103090091389e-01,4.714019271821526802e-01,8.210349152301738007e-01,8.800790363822710294e-01,1.346397411569728308e-01,7.773710705870429116e-01,8.572904071617453159e-01,1.203595972746262649e-01,1.905000678783665968e-01,2.029992316704708755e-01,2.138267050341625952e-01,-5.353681538859847531e-06,1.054871208602758403e-01,9.999901279344693972e-01,4.999992514320206194e-01,-2.092098311159621901e-02,5.510471026504711878e-01
5.904836203698790031e-01,4.800548718654878977e-01,4.180788550268477732e-01,7.917279860310048045e-01,5.984947854755968688e-01,4.211899242029235046e-01,4.710638434647741457e-01,8.252196836605281138e-01,8.873718278232771706e-01,1.425287682095499608e-01,7.785696678981629537e-01,8.615968921486181209e-01,1.212788831394164546e-01,1.906933385328059005e-01,2.019270678506829009e-01,2.122248384826876944e-01,-5.256481696556904762e-06,1.049999799359244146e-01,9.999912577051108808e-01,4.999992449173142339e-01,-1.964619194314389319e-02,5.472482373567061353e-01
5.939746591410461907e-01,4.767963173988284398e-01,4.119625218489498253e-01,7.985293414878515961e-01,6.047446302743005875e-01,4.270610653730405604e-01,4.704100660155765556e-01,8.280237020559566563e-01,8.982557414144999308e-01,1.414255396087910344e-01,7.780225705050710650e-01,8.691600960746637128e-01,1.153242793016510948e-01,1.932430185250610666e-01,2.029525867296510522e-01,2.116518635010030402e-01,-5.620293250339020782e-06,1.052230567043375975e-01,9.999914756009240513e-01,4.999992882756389423e-01,-1.854133520691533463e-02,5.425032683240854636e-01
5.977890285884464028e-01,4.742138185685977891e-01,4.064033645889225665e-01,8.033722895898127714e-01,6.080516505991440113e-01,4.325537994580748169e-01,4.698898352290096225e-01,8.306436711580598153e-01,9.091784897154899792e-01,1.383735223575366935e-01,7.778080062262450189e-01,8.772544292241768460e-01,1.093083569354073442e-01,1.985388047991834271e-01,2.059695447335440632e-01,2.123713249749168419e-01,-6.205051145148279276e-06,1.054513726196068119e-01,9.999914531032830789e-01,4.999993658075066461e-01,-1.808621502483239926e-02,5.395915248543532439e-01
6.022411397806992639e-01,4.718802681784216024e-01,4.004694409074813777e-01,8.021821236057330440e-01,6.109070596325490987e-01,4.379816934803968387e-01,4.695956218190207587e-01,8.339425842072842876e-01,9.178118774526725643e-01,1.354822387834551112e-01,7.787606240829334503e-01,8.830642022291820270e-01,1.034245925218297280e-01,2.027097445729407477e-01,2.062066261577247817e-01,2.128101474740933530e-01,5.883774437288333210e-06,1.056809508001125553e-01,9.999913894467301612e-01,4.999993040269121169e-01,-1.687932741432098330e-02,5.350684248957282563e-01
6.055543466474302416e-01,4.690198818800104807e-01,3.958567236454653693e-01,7.961831218442845248e-01,6.143686179347369603e-01,4.433504879421182321e-01,4.690312462226468027e-01,8.371608838851914980e-01,9.200350750820581736e-01,1.395161088529553450e-01,7.809281973272398369e-01,8.827244647105343400e-01,1.035359251608408276e-01,2.043564755973436009e-01,2.069557670062750487e-01,2.136099237369155357e-01,6.359553844313382630e-06,1.081531413348687104e-01,9.999910065999066955e-01,4.999994231019634361e-01,-1.733084447886685392e-02,5.315223431121501863e-01
6.080950118144807792e-01,4.681827452222649955e-01,3.923781859095448188e-01,7.802586138827510842e-01,6.189336092349625451e-01,4.489218908677235498e-01,4.690339753067601092e-01,8.406907853329390612e-01,9.159217680544582407e-01,1.431081380488077315e-01,7.845460196353203353e-01,8.765729702220005359e-01,1.030900315780819421e-01,2.076145150027278452e-01,2.095582698179600523e-01,2.154488056298026755e-01,6.668639102622997552e-06,1.099789279822430133e-01,9.999907429089029964e-01,4.999994568698462039e-01,-1.727160304962696916e-02,5.285655743216252089e-01
6.107712608397090071e-01,4.668237579678166105e-01,3.876646164504971015e-01,7.791392959753766778e-01,6.205762323179803142e-01,4.547379621119309601e-01,4.688614007647970983e-01,8.419142891359965297e-01,9.179732981070430897e-01,1.399434925129618423e-01,7.846464583210857047e-01,8.766778705741071764e-01,9.815893623283049318e-02,2.105857643542095314e-01,2.109854884372689976e-01,2.149598360884868997e-01,-6.423198616427486338e-06,1.097455480119112203e-01,9.999908170666144125e-01,4.999994012817648437e-01,-1.615466487179599911e-02,5.264461023355271330e-01
6.144137718609936627e-01,4.630387306599123010e-01,3.815035892233648029e-01,7.890459905380555750e-01,6.206605515363881054e-01,4.606106406462849856e-01,4.688729015391358557e-01,8.426014386589808502e-01,9.266278860775708504e-01,1.382855856662555949e-01,7.830601851391950641e-01,8.825000120185948482e-01,9.512436174470359496e-02,2.111561823770682078e-01,2.112560604594978797e-01,2.143199438148386260e-01,-6.627786126883126035e-06,1.095145979536474301e-01,9.999908432163048255e-01,4.999994222591545578e-01,-1.427198967808607742e-02,5.217758821188513974e-01
6.178640468946107189e-01,4.596015384689536853e-01,3.754486190942993296e-01,8.019464969363624407e-01,6.201768963137334056e-01,4.663779309764163883e-01,4.695947401052943948e-01,8.416686966379506307e-01,9.361773126510850584e-01,1.343977157358578201e-01,7.797029352561588578e-01,8.894070995955946080e-01,9.067969966047365049e-02,2.109536737771759984e-01,2.111511414456574698e-01,2.136423602703111380e-01,-6.986575498915951788e-06,1.092843115734894455e-01,9.999908624903254273e-01,4.999994410702549574e-01,-1.286639061319719973e-02,5.178477941026716769e-01
6.192913971323567024e-01,4.563763584431565490e-01,3.703483729593587959e-01,7.950827710940262527e-01,6.237969203164003273e-01,4.720625674831290808e-01,4.700615535507029485e-01,8.416394484867294468e-01,9.298566370540696235e-01,1.413445195941200883e-01,7.795049086283540873e-01,8.801717184912701830e-01,9.386957698539891148e-02,2.107304839991930856e-01,2.111248840708609686e-01,2.132141835331524959e-01,-7.277982225169612237e-06,1.088817517757992293e-01,9.999909078845010679e-01,4.999994165439261007e-01,-1.155581317639217329e-02,5.147956406490656889e-01
6.207826948113825960e-01,4.532695293505396017e-01,3.662600060883673958e-01,7.972175232031774028e-01,6.252827417537848431e-01,4.777258488051964735e-01,4.701624196834410796e-01,8.414311204686812928e-01,9.280917533362403882e-01,1.457988676444924581e-01,7.788601493922278074e-01,8.762140892651081314e-01,9.620267328164397447e-02,2.108471759221418607e-01,2.111183185669454621e-01,2.127620741742961008e-01,6.789526664748500270e-06,1.086085385404370052e-01,9.999909108216762377e-01,4.999994350141860888e-01,-1.046932248910755446e-02,5.129972489865949337e-01
6.220671780567008646e-01,4.515062665867921599e-01,3.625371188419025947e-01,7.928160482662602870e-01,6.270505050413550663e-01,4.832870095207470462e-01,4.720691889343873737e-01,8.415969359795110183e-01,9.239909177438372367e-01,1.488521950529016480e-01,7.788816901047866947e-01,8.702446459786634669e-01,9.732011121172996770e-02,2.150168024388551258e-01,2.125830904840502467e-01,2.132528533505920476e-01,6.307736315757618767e-06,1.080227325962220264e-01,9.999909914635114472e-01,4.999994236470767239e-01,-9.338333055905874425e-03,5.115125438957268678e-01
6.232663472489460288e-01,4.496135727266832860e-01,3.597520433017457608e-01,8.002767097900299609e-01,6.266670253079902331e-01,4.888647098925950063e-01,4.733899842996294738e-01,8.403636752545979860e-01,9.256445530811635569e-01,1.479891051073964625e-01,7.769094806446048551e-01,8.708795832487059574e-01,9.625685558134954023e-02,2.147655262227908535e-01,2.126905790658248363e-01,2.128580131040953560e-01,6.166822625794274012e-06,1.077037965769385708e-01,9.999910714888342600e-01,4.999994551692515388e-01,-8.275234960142596741e-03,5.097611713207587103e-01
6.256362722519481778e-01,4.476440342243735993e-01,3.573397632364298526e-01,8.075818220403836456e-01,6.265995437129591172e-01,4.944367104834451743e-01,4.745375623538085619e-01,8.411370768270576281e-01,9.326143378007156759e-01,1.481383974184073415e-01,7.765596570981916358e-01,8.762191443545994662e-01,9.608333442716371353e-02,2.145301375761571039e-01,2.125449135384704369e-01,2.122417149160248095e-01,-6.099008688191690051e-06,1.074515477007836339e-01,9.999911136667318790e-01,4.999994485901035346e-01,-7.464171464873248750e-03,5.082881641871299649e-01
6.293450318276216926e-01,4.453923057610638669e-01,3.549247018286592059e-01,8.138615989602844270e-01,6.270021931414234695e-01,4.999167838120899265e-01,4.756064055716677785e-01,8.441620048196184500e-01,9.443249828517986666e-01,1.500379415367588953e-01,7.781489763591604714e-01,8.854464911417422313e-01,9.729427519356516341e-02,2.146438037631525908e-01,2.128535387715624061e-01,2.120013676259529800e-01,-6.281320722838938593e-06,1.070434726847069862e-01,9.999911683470091850e-01,4.999994094322979254e-01,-6.891532604186781895e-03,5.072297462673501789e-01
6.334060887029153708e-01,4.441607745941961727e-01,3.510864892667540094e-01,8.066186865917264193e-01,6.319627942832758416e-01,5.050079372902290809e-01,4.767050535985444260e-01,8.490141090088785258e-01,9.517689194452291224e-01,1.537635911036169811e-01,7.816760105940766534e-01,8.882333291778515827e-01,9.843795082662433471e-02,2.151035043589187012e-01,2.128444481278561617e-01,2.115099960163352444e-01,-6.672561362725972132e-06,1.069414153498425279e-01,9.999911534177013950e-01,4.999994123991888806e-01,-6.145836273818366426e-03,5.055850498835982032e-01
6.360914834174513643e-01,4.446363701932620205e-01,3.466499570850163359e-01,7.921225888087333189e-01,6.367399302216616430e-01,5.103853029388558671e-01,4.775986191828995309e-01,8.521073785997934635e-01,9.495020587612933438e-01,1.539129485384635176e-01,7.843116383419221904e-01,8.823863728938509121e-01,9.628807373281686455e-02,2.149597158884383463e-01,2.127559087807124327e-01,2.109558170665749022e-01,-7.029061399214029573e-06,1.069158963491348424e-01,9.999911407644183070e-01,4.999994347613944123e-01,-5.022884157566000207e-03,5.031035737678252184e-01
6.381608710355228808e-01,4.451654962832041762e-01,3.436800416167803407e-01,7.847635804581031271e-01,6.388572781586798754e-01,5.152077996291971607e-01,4.776915207724351520e-01,8.541173535072178469e-01,9.490558619017480657e-01,1.520285087160596904e-01,7.859214813933307342e-01,8.799584566655429541e-01,9.343862644678953278e-02,2.141473751766163891e-01,2.127337655317780296e-01,2.107309843735663268e-01,6.454973965434739164e-06,1.069094809124755963e-01,9.999911017872281649e-01,4.999994822566590225e-01,-4.000258739794903748e-03,5.014479309577053456e-01
6.391408833030784997e-01,4.454691129510761627e-01,3.418856747206354685e-01,7.968271057246918421e-01,6.367728699444716867e-01,5.206798957470847311e-01,4.774384380984209031e-01,8.508097001856235186e-01,9.526944700136249500e-01,1.419725930483821674e-01,7.815157620073657219e-01,8.841585125334828765e-01,8.507859563178013507e-02,2.135129596390308582e-01,2.122106548459920250e-01,2.098984251437437110e-01,6.319287883343266017e-06,1.069078386722202567e-01,9.999910668511200473e-01,4.999995442011340718e-01,-2.306395531151485788e-03,4.982737397032230842e-01
6.413715388349132684e-01,4.450271070138793195e-01,3.396288758969380206e-01,8.018859012055327140e-01,6.361474188526623497e-01,5.258516661750797239e-01,4.786050071684546658e-01,8.504845740701926227e-01,9.584240607503112797e-01,1.378539045673178864e-01,7.802427357625398852e-01,8.889296346658213110e-01,8.142005978177262182e-02,2.134406077141728642e-01,2.119073424079054024e-01,2.091726924640616159e-01,-6.349334113468943594e-06,1.069073982317779170e-01,9.999910329636549911e-01,4.999995678453224013e-01,-6.475714818046124800e-04,4.950647948963294853e-01
6.449470758944153559e-01,4.446044910988291576e-01,3.360486372335304561e-01,8.075315101434096254e-01,6.351933805010965273e-01,5.309445625192538154e-01,4.791397557075328661e-01,8.505157568539988278e-01,9.666584100504275190e-01,1.317036600178392303e-01,7.788950102074158055e-01,8.956618753141973865e-01,7.594037526913031966e-02,2.128186838153489913e-01,2.112276743509207688e-01,2.083011530571022563e-01,-6.728718915721903051e-06,1.067347574415973832e-01,9.999910226203426733e-01,4.999995886788402011e-01,9.561003242904867003e-04,4.921922789868636294e-01
6.484751413457979785e-01,4.436613063097833987e-01,3.322568158812688743e-01,8.121075397759430770e-01,6.360459910379302473e-01,5.357657522948212625e-01,4.793943359779434532e-01,8.508803850980244388e-01,9.747143415883231521e-01,1.283878085668540836e-01,7.778799580522109958e-01,9.010697404960057444e-01,7.261435597706560052e-02,2.124044051424928692e-01,2.107989597531037262e-01,2.075656857467067518e-01,-7.382333973662755764e-06,1.068640401873907908e-01,9.999909559730064679e-01,4.999995964903233281e-01,2.392102236380275280e-03,4.894039010994439276e-01
6.510771996952113838e-01,4.426293924299083971e-01,3.295659473804864459e-01,8.224813349465804890e-01,6.348916834403158793e-01,5.393780497646792904e-01,4.799348707764367061e-01,8.492231799838491080e-01,9.820623641760632960e-01,1.234985068368447264e-01,7.749658557812010296e-01,9.073013248099613959e-01,6.866973348684379808e-02,2.118695162407740473e-01,2.105192511252750032e-01,2.068642294592313302e-01,6.892319125344962514e-06,1.068963455180395594e-01,9.999909230857404463e-01,4.999996087981485315e-01,4.787353154862578758e-03,4.862914453482122257e-01
6.548385563549150579e-01,4.403606928943656351e-01,3.256062266403697558e-01,8.321167411738682462e-01,6.343141161165570807e-01,5.434366198309210638e-01,4.800933269228170319e-01,8.486164554162565210e-01,9.905675904507909024e-01,1.224290726981795419e-01,7.731227109418974397e-01,9.134923387740933043e-01,6.784261896794829827e-02,2.117357883134588781e-01,2.101042747582762271e-01,2.063438120595243452e-01,6.620130915467825573e-06,1.069044228244325073e-01,9.999909201171360840e-01,4.999996071395938491e-01,6.515050551716445627e-03,4.837880855270555447e-01
6.573452400604935519e-01,4.397108604909407137e-01,3.223622562156958082e-01,8.375155084459228183e-01,6.336594949887082162e-01,5.468844659350473592e-01,4.804301853354548957e-01,8.470375057354321280e-01,9.946286875800021132e-01,1.183500055758655856e-01,7.706140138622374902e-01,9.163066859292375854e-01,6.432847284721859848e-02,2.117023598333418466e-01,2.097417345129025945e-01,2.056961252986508892e-01,-6.659620129905066785e-06,1.067338757053395842e-01,9.999908946445130731e-01,4.999996124972029277e-01,9.546064854907268180e-03,4.810919310067484633e-01
6.584834860444963578e-01,4.379561335268600253e-01,3.211415124876007554e-01,8.404251325078466728e-01,6.342927476927509023e-01,5.520271541371850610e-01,4.794663182849277505e-01,8.474183473229792707e-01,9.963023259244458973e-01,1.227004546191160367e-01,7.710702187938512919e-01,9.167107196681333336e-01,6.784364159345938894e-02,2.116077413477184810e-01,2.094785740298591437e-01,2.054479391446271119e-01,-7.110413148281021371e-06,1.066912229959036534e-01,9.999908770858568774e-01,4.999996228278895671e-01,1.232337047372374615e-02,4.783476119713738761e-01
6.598175277249985760e-01,4.380079865289681074e-01,3.196527328603752660e-01,8.401433336796865214e-01,6.355843556683602458e-01,5.571914509593161036e-01,4.750380315349158056e-01,8.476525793388749452e-01,9.976525660851049970e-01,1.221388266914701093e-01,7.712404785458991663e-01,9.167573876232061325e-01,6.667582510769827497e-02,2.118428743158712046e-01,2.091539959027344797e-01,2.046095307227292492e-01,-7.959595440131980829e-06,1.071980125320783628e-01,9.999907610879963382e-01,4.999996438231030238e-01,1.791588088147800031e-02,4.731759070599907968e-01
6.607542309269145431e-01,4.381617361216038065e-01,3.189554149259671290e-01,8.337357476514403176e-01,6.363794432076667063e-01,5.618787794267461333e-01,4.702787266386303511e-01,8.498768855947227419e-01,9.967602860463670167e-01,1.251622589736368085e-01,7.741277072120393843e-01,9.151802186232900205e-01,6.844074142331224575e-02,2.112978242083703440e-01,2.085552736613857094e-01,2.041411316318542390e-01,7.233622326514517847e-06,1.073247640952077753e-01,9.999907709635782460e-01,4.999996932511095449e-01,2.166930316850598087e-02,4.687775789152862638e-01
6.613824591956342092e-01,4.387690673090330895e-01,3.183533381272819485e-01,8.324530741782686372e-01,6.356853646858157125e-01,5.659354440752272231e-01,4.685423817899151411e-01,8.499808241874394765e-01,9.963453482935806793e-01,1.232904001943342931e-01,7.743722331185816099e-01,9.150783442429910597e-01,6.651754135528231693e-02,2.109890263495123597e-01,2.078880048467904584e-01,2.035927109770366006e-01,6.372384792627107687e-06,1.070115919564887108e-01,9.999909498816289544e-01,4.999997208074239974e-01,2.214801737190549846e-02,4.652629712725432354e-01
6.615194907156159987e-01,4.397292808472809122e-01,3.177846842585109188e-01,8.237760580633863849e-01,6.365846068592385665e-01,5.699814634646841460e-01,4.658748823114724491e-01,8.515494501759978130e-01,9.926839293689767585e-01,1.243898539390841385e-01,7.766166793754334385e-01,9.111790238708685763e-01,6.658661825768950882e-02,2.112568763491588508e-01,2.075486617855815952e-01,2.029380288483502159e-01,-5.949604305992453699e-06,1.067609151025093184e-01,9.999911155379896943e-01,4.999997292122764780e-01,2.226806407858757803e-02,4.623143628771512192e-01
6.617614621936168673e-01,4.410650508114913326e-01,3.163553717520480868e-01,8.186834994402355514e-01,6.370716108423710722e-01,5.734690779543824002e-01,4.628111787622037898e-01,8.512535646564840519e-01,9.887785806106164088e-01,1.211676631145573030e-01,7.764733867846376203e-01,9.071620010236387532e-01,6.306703755513631826e-02,2.124452613675156809e-01,2.074638232543978833e-01,2.025155629567680637e-01,-5.711902502932196470e-06,1.066984689387347196e-01,9.999913373604331079e-01,4.999996802151799313e-01,2.206842132866194961e-02,4.588171157307782133e-01
6.622721756272831328e-01,4.422282831124141889e-01,3.146815708206497364e-01,8.119245936557144550e-01,6.382768554252403748e-01,5.768655259892960796e-01,4.602114010062961502e-01,8.517323280133454189e-01,9.853686667786100140e-01,1.193512338560716868e-01,7.771321707756861930e-01,9.029972690683459868e-01,6.062362499303486363e-02,2.129148912453700526e-01,2.073563502247995904e-01,2.022374185095608956e-01,4.694880005993447603e-06,1.066830345638987432e-01,9.999915329575312928e-01,4.999996169684690073e-01,2.201853453149762302e-02,4.569076077107205314e-01
6.628213047702292693e-01,4.427553943465952768e-01,3.132640487952982333e-01,8.100827210392689270e-01,6.386721840935928318e-01,5.804777864775264584e-01,4.580642952151923186e-01,8.513651373610765516e-01,9.835165592934744794e-01,1.176740906099553452e-01,7.768552088390889843e-01,9.006892761554183835e-01,5.859804369296538196e-02,2.130323027232971789e-01,2.075020066209180558e-01,2.019090895904433747e-01,-4.006386839054856916e-06,1.065068197683563256e-01,9.999917266396077808e-01,4.999996373752210177e-01,2.177642356105970525e-02,4.540152436681194059e-01
6.639826389713545662e-01,4.422122082629674211e-01,3.108099700586957614e-01,8.134109877623297846e-01,6.388911596427134798e-01,5.836906848653288238e-01,4.547561330759271048e-01,8.500150369849888143e-01,9.835308707655973093e-01,1.164210183816992289e-01,7.752071854568189924e-01,8.996126023989792220e-01,5.721906322761470542e-02,2.140968124233312841e-01,2.072796333955949089e-01,2.018270061273716443e-01,-4.159420803378357454e-06,1.064627904041493267e-01,9.999917927021323427e-01,4.999996374760711237e-01,2.171610493516272500e-02,4.515670928217783708e-01
6.655150122407711422e-01,4.420629144527692955e-01,3.083335963182759487e-01,8.139235319804040136e-01,6.392382093063836423e-01,5.866709849884038652e-01,4.516784025730289365e-01,8.496228190769119504e-01,9.844386794276142050e-01,1.153076990012885383e-01,7.745974772344089709e-01,8.992333458772130417e-01,5.581499168625211893e-02,2.145354771584297715e-01,2.073965632009958093e-01,2.018927480324497759e-01,3.753674721302316482e-06,1.066242943570022139e-01,9.999917881752832249e-01,4.999996456621092489e-01,2.170115066397434664e-02,4.495749789143277386e-01
6.666972605442146316e-01,4.417745947491582004e-01,3.070796669364172504e-01,8.176621143060002206e-01,6.383961298137621476e-01,5.902276022989355608e-01,4.504859895138564885e-01,8.487674601697632326e-01,9.864079179895161031e-01,1.138964404185539292e-01,7.736050723815137697e-01,9.009540933105238958e-01,5.445850547699776500e-02,2.145588781611651452e-01,2.076845882387174103e-01,2.017366571706194767e-01,-3.147753201975137069e-06,1.061473052600281908e-01,9.999919854576232447e-01,4.999996884823542653e-01,2.146782022586659830e-02,4.470070544686093328e-01
6.676593814612652444e-01,4.412808855561364263e-01,3.069354356221171698e-01,8.156654086121658542e-01,6.385656146856153459e-01,5.934969407096837291e-01,4.499164687800553675e-01,8.507104964694859328e-01,9.889521369953173657e-01,1.173437476154039205e-01,7.759337173914244712e-01,9.028314962497668850e-01,5.713840128807551322e-02,2.143922009151795760e-01,2.075840680339770816e-01,2.015251076256386331e-01,-3.267467675404450826e-06,1.058556400771324957e-01,9.999921279507342220e-01,4.999997083385790964e-01,2.117971092340290018e-02,4.449851120928669523e-01
6.689077093813179387e-01,4.411739347941659450e-01,3.066168984832179367e-01,8.142690763389466291e-01,6.386665776877498146e-01,5.965483415780117316e-01,4.487877393840784546e-01,8.524338208774657755e-01,9.924039960714732267e-01,1.189319298708549077e-01,7.778683224880210689e-01,9.055833687658468856e-01,5.818379771869307271e-02,2.141780035188252385e-01,2.071276193749242989e-01,2.013859555678460811e-01,-2.415194734754935832e-06,1.056102671674293281e-01,9.999922269206035219e-01,4.999997134398185272e-01,2.087779020886634807e-02,4.437896335953712690e-01
6.702988175017463579e-01,4.409506106452121821e-01,3.061946166023693516e-01,8.107543825341134713e-01,6.397907664230755298e-01,5.995303282568200665e-01,4.478297242636495867e-01,8.551280028491882179e-01,9.962612192244859610e-01,1.221259849694594918e-01,7.808474942022594067e-01,9.080199350361660704e-01,6.049986145901059542e-02,2.140381903747860526e-01,2.069272425339799271e-01,2.010923776647202954e-01,-2.689872558949258865e-06,1.053764183466803783e-01,9.999922707749906436e-01,4.999996990641945582e-01,2.103238280136882771e-02,4.424556560663766569e-01
6.717199019315182040e-01,4.404043948163818833e-01,3.052763089849282463e-01,8.135672168924823477e-01,6.406601560406074425e-01,6.024146006040308476e-01,4.463122330571316909e-01,8.556824092125385750e-01,1.000819883056097925e+00,1.227446120930756057e-01,7.812171535952799895e-01,9.111496128586134002e-01,6.084583947662329517e-02,2.140894998351002276e-01,2.066183578328818771e-01,2.009327175904102314e-01,-2.146661789541484775e-06,1.051454799720430988e-01,9.999923305817094432e-01,4.999996999877052151e-01,2.107114664728394066e-02,4.410871105295492978e-01
6.733923252591847985e-01,4.405611002538301069e-01,3.038250613143345102e-01,8.162397213769327919e-01,6.405258360769831016e-01,6.057668787340949601e-01,4.450925983219793935e-01,8.552851123109703746e-01,1.004743869659338928e+00,1.200378196255994928e-01,7.804363139989805020e-01,9.142001070193939150e-01,5.831147701755544366e-02,2.141023284574774255e-01,2.065411357694760253e-01,2.007202761158393134e-01,-2.390935568131564239e-06,1.050877864789312999e-01,9.999923796185413716e-01,4.999997193306837118e-01,2.085094926061006188e-02,4.397099707277239977e-01
6.747441342623731186e-01,4.406196467715169374e-01,3.027058371182524965e-01,8.173115266129487022e-01,6.409688042036091327e-01,6.088294793378098424e-01,4.447603959547254404e-01,8.554395703293337094e-01,1.008211379054582357e+00,1.187371311767178306e-01,7.803329570326198450e-01,9.165948242473443974e-01,5.698770883715645330e-02,2.142780619165559897e-01,2.066943570387655971e-01,2.001495836735647238e-01,-1.838273961378592312e-06,1.047283866198916447e-01,9.999924684302592404e-01,4.999997178233892003e-01,2.079603150643448764e-02,4.383306457099860332e-01
6.760408959809360852e-01,4.409164348589504900e-01,3.015084047774908571e-01,8.192827722720742445e-01,6.403427941776879129e-01,6.118697991585634322e-01,4.443823002810200484e-01,8.548342413852035859e-01,1.010767345625485980e+00,1.158745423113881901e-01,7.794333318250938891e-01,9.187957162482475182e-01,5.436913360670883599e-02,2.142357323255840440e-01,2.065601360709342915e-01,1.998343816279630480e-01,-2.119290964089361999e-06,1.046385961794332187e-01,9.999925403492435638e-01,4.999997426291554192e-01,2.032243802961990545e-02,4.369508630239469782e-01
6.778886783552293682e-01,4.411619739817154717e-01,2.989377568163595900e-01,8.225737913295897430e-01,6.400995655105570226e-01,6.147711506470761034e-01,4.438125875228549067e-01,8.533759138335446082e-01,1.013181777548220142e+00,1.113604700731618546e-01,7.772856321280940950e-01,9.201361863694407228e-01,5.039254117157340729e-02,2.140526233350199536e-01,2.067853702032590169e-01,1.992380018013421294e-01,-1.625050663693786455e-06,1.044436598190084386e-01,9.999925945079048972e-01,4.999997381876913893e-01,2.020411673035910072e-02,4.355708457335935591e-01
6.800731837048501482e-01,4.415660185395598458e-01,2.956041476993022110e-01,8.258962090411191559e-01,6.394310363352947446e-01,6.178151208932608496e-01,4.438361242659312755e-01,8.513999647751636646e-01,1.014920482082945163e+00,1.056191196475633476e-01,7.744844251442093430e-01,9.208113054595202795e-01,4.539686031408848854e-02,2.140068441117658204e-01,2.067554181739666430e-01,1.988301124324571012e-01,1.468228130768920156e-06,1.040499258515151237e-01,9.999926649925621192e-01,4.999997216856041926e-01,2.017462678037708693e-02,4.341907751816441730e-01
6.810746874307009868e-01,4.413688494165272647e-01,2.935948269019406087e-01,8.238107744964646706e-01,6.394389944086391608e-01,6.207948673990101307e-01,4.437431382205943020e-01,8.515980348001029876e-01,1.013676425806091297e+00,1.064559469691667981e-01,7.748004261919163582e-01,9.187447975542887280e-01,4.585368103881032331e-02,2.139953993414510092e-01,2.066616648490265939e-01,1.986418758705685850e-01,-1.796276038905534088e-06,1.046414941556482597e-01,9.999925688093270759e-01,4.999997544408331662e-01,1.993723251751104014e-02,4.324656294967080261e-01
6.806326761645883350e-01,4.419326162205605701e-01,2.931432446678772785e-01,8.240878739550754339e-01,6.383134706734716612e-01,6.235321225148978685e-01,4.431685110079723877e-01,8.499928800793485895e-01,1.010162278567443339e+00,1.041526083068707864e-01,7.732798705209880108e-01,9.161460333096648201e-01,4.366723176483126856e-02,2.139925392208456012e-01,2.065519634119504788e-01,1.984222915815729571e-01,-1.589378969650726313e-06,1.046169012221976752e-01,9.999925779119329672e-01,4.999997746766682294e-01,1.987792366598192806e-02,4.313442779030327023e-01
