act_arm_one,act_arm_two,act_arm_three,act_arm_four,act_arm_five,act_arm_six,act_arm_seven,act_finger_lt0,act_finger_rg0,act_finger_md0,act_finger_if0,act_finger_if1,act_finger_if2,act_finger_tb0,act_finger_tb1,act_finger_tb2
7.420372811888337194e-01,4.970583945472436538e-01,5.023532175890168539e-01,3.184291071299325676e-02,5.079615293985786373e-01,5.035572691802880918e-01,4.880762615242169034e-01,1.246461147042804245e-02,9.963052428333762575e-03,1.125696163776861158e-02,1.210425421186665236e-08,1.565623479825630285e-02,2.234088928746576566e-02,5.000637134235507153e-01,9.833385105575059154e-03,1.623120713282168726e-01
7.340750651333367571e-01,4.936883831488999008e-01,4.997445915290344987e-01,6.368601152198256898e-02,5.068883434045277081e-01,5.090774631944501305e-01,4.817722854397174514e-01,1.972184529230697897e-02,1.219545085870749751e-02,1.329531907912925165e-02,8.615694053856469976e-09,2.198627221254069453e-02,5.586156967181816514e-03,5.000159286491958621e-01,1.574277538653943292e-02,1.967988368887599870e-01
7.261128285840803276e-01,4.904751564903344074e-01,4.974047066185265376e-01,9.553001019837357999e-02,5.011637750833215499e-01,5.075694218631634502e-01,4.731315586028472797e-01,2.050102809858496064e-02,1.189089816291963655e-02,1.285597970613429342e-02,7.183724843981264270e-09,2.546652506457930398e-02,1.396631564901677693e-03,5.000039830744429370e-01,1.768031526627956984e-02,2.033525520951197096e-01
7.181505836895842876e-01,4.879115622690868848e-01,4.975126958816024070e-01,1.273743588492544376e-01,4.977260426991985676e-01,5.074149220617878431e-01,4.711181504170608436e-01,2.069586219367710797e-02,1.146972216398984938e-02,1.231483819514568590e-02,6.379988211177289044e-09,2.650921223248463646e-02,3.492269363388911404e-04,5.000009970589502917e-01,1.747467006797876962e-02,2.018859422828915562e-01
7.101883395443560065e-01,4.830549247293092763e-01,4.962083073840271585e-01,1.592178075802176962e-01,4.940514214011255123e-01,5.068763615448418358e-01,4.688593380615028172e-01,2.048579209852778929e-02,1.110564834273499064e-02,1.157572940637825905e-02,5.987141567073405452e-09,2.659735843274267306e-02,8.742018244927324570e-05,5.000002505439408163e-01,1.627310037448036553e-02,1.987589842244034954e-01
7.022260989537872922e-01,4.763856350913851512e-01,4.949510481097023629e-01,1.910611491619464974e-01,4.892731097102765436e-01,5.081966260477251973e-01,4.663970953133083075e-01,2.034701171980358644e-02,1.066959023504678722e-02,1.121842131514511585e-02,6.028665684551225707e-09,2.730946743980329841e-02,2.197549006831813953e-05,5.000000639515570500e-01,1.551263860076301966e-02,1.959070185204271064e-01
6.942638694756246842e-01,4.703347301862008112e-01,4.966493794059629874e-01,2.229052001079020739e-01,4.865877937173943013e-01,5.097210598464827491e-01,4.657744808733871311e-01,2.022604971187157152e-02,1.038803591711898698e-02,1.095656067948317172e-02,5.972527479355659592e-09,2.731500472165675208e-02,5.607787733518175144e-06,5.000000173494650868e-01,1.509247026243773493e-02,1.941588318336711916e-01
6.863016545523673573e-01,4.650669567533793902e-01,4.994496105164985544e-01,2.547494059138954436e-01,4.838413023894123643e-01,5.102843339373621667e-01,4.646207396680786528e-01,2.002328576403222121e-02,1.005885690452844490e-02,1.063230716873845780e-02,5.822439537281053630e-09,2.610876548343347980e-02,1.509940423848985708e-06,5.000000056934569281e-01,1.475738502833620798e-02,1.916514900782064212e-01
6.783394579376743616e-01,4.613857554396155192e-01,5.023417478401729364e-01,2.865940434704064010e-01,4.822125640508755362e-01,5.102409175632987015e-01,4.629279982037789454e-01,1.962754038936393233e-02,9.372720795114745929e-03,9.882705965504343451e-03,5.730204872930454725e-09,2.114909154139758829e-02,4.801119007037344933e-07,5.000000027722412144e-01,1.421353822278034230e-02,1.868839727957219976e-01
6.703772773052020240e-01,4.595505007376372575e-01,5.074792517933923719e-01,3.184381701212108395e-01,4.825403964940259138e-01,5.115975529210881056e-01,4.628326123451811935e-01,1.728579997998639511e-02,7.670032571905282918e-03,9.005195954820327531e-03,5.689435707109379576e-09,1.852881785102693246e-02,2.186420864184462677e-07,5.000000020377686205e-01,1.407756415910939307e-02,1.791360829720139158e-01
6.624151191288849549e-01,4.604053747586173140e-01,5.143166625199945274e-01,3.502819794895044025e-01,4.887723632946205932e-01,5.191341271256909584e-01,4.554761228496777004e-01,1.275383870673034957e-02,6.467969397269730629e-03,8.440755338713601744e-03,5.432078016395490989e-09,1.683856125064157883e-02,1.498169296293586399e-07,5.000000018353739639e-01,1.266336891275811859e-02,1.716782238304987163e-01
6.544529710667014166e-01,4.636382138308428047e-01,5.222779085966432477e-01,3.821253052481738965e-01,4.951173311508756947e-01,5.260491292718482148e-01,4.534743329990938432e-01,1.162073658512939416e-02,6.167427750982372274e-03,8.299631899658963669e-03,6.511915569104286545e-09,1.641595709237379797e-02,1.305644705420102830e-07,5.000000019044168464e-01,1.230979810645348865e-02,1.698136323424914440e-01
6.464908437287885112e-01,4.660664680139138261e-01,5.296148824545305889e-01,4.139697805981377710e-01,4.936286855352448044e-01,5.330275544396658738e-01,4.490405068222440566e-01,1.004357581356800019e-02,5.574734733749395904e-03,8.091833080096465583e-03,6.319472174551021011e-09,1.579274907847920406e-02,1.230828561398766633e-07,5.000000018925095935e-01,1.153132761316339426e-02,1.662421434169925050e-01
6.385287319425654307e-01,4.653559319193982247e-01,5.332953181878709037e-01,4.458144422633223969e-01,4.905244155193526079e-01,5.402564430350265123e-01,4.489790878029025767e-01,9.562938448595169685e-03,5.254005119637552429e-03,7.781086374865119407e-03,5.943533783022968704e-09,1.563691468982912613e-02,1.176775577355028198e-07,5.000000017947268116e-01,1.156670109116632664e-02,1.646589703393211424e-01
6.305666439208792440e-01,4.656197773924897199e-01,5.361076827904903697e-01,4.776591511360074316e-01,4.934134390842846440e-01,5.401520927804718264e-01,4.502146369904583834e-01,1.030543708671560407e-02,5.260093587114136361e-03,7.444613676803833562e-03,5.784744356970560615e-09,1.611554403760017198e-02,1.145996891240718680e-07,5.000000017729366864e-01,1.157556149321148017e-02,1.618478710843160029e-01
6.226045757018188187e-01,4.671946240959164998e-01,5.382011191005199313e-01,5.095036086539024289e-01,4.973319974065008586e-01,5.326518794394522471e-01,4.572405026372301506e-01,1.109489611608891965e-02,5.261611268078514488e-03,7.274225161469602928e-03,5.687852973165473953e-09,1.675277462067593925e-02,1.120185715948983019e-07,5.000000018141594893e-01,1.065765488916673581e-02,1.590747666827004581e-01
6.146425235788448571e-01,4.681332642070598626e-01,5.384308720083937905e-01,5.413480269892744223e-01,5.026101530866816658e-01,5.207289345416276083e-01,4.755127965311302662e-01,1.189609718068574719e-02,5.607010109972930881e-03,7.317875758117329925e-03,7.207965009411720087e-09,1.967234226649353795e-02,1.096841411796859166e-07,5.000000019357929704e-01,8.587983007009669309e-03,1.587263737430236188e-01
6.066805061261576482e-01,4.703375951894108176e-01,5.367428325725445148e-01,5.731919741182882611e-01,5.057862662898159334e-01,5.119747370844475176e-01,4.944597706139964299e-01,1.293748886431615730e-02,5.952173946751558933e-03,7.242542598501279169e-03,6.031605555120433122e-09,1.988502314583981065e-02,1.060821895716231431e-07,5.000000018873033136e-01,7.840286340207740581e-03,1.562241162104063552e-01
5.987185134978316725e-01,4.733059298911755364e-01,5.356635117107189092e-01,6.050361099611134552e-01,5.080983420810238904e-01,5.051132434544302052e-01,5.092744214726243612e-01,1.345665733861131294e-02,6.038474354896365172e-03,7.223700586067314036e-03,4.856575703923437244e-09,1.959299845847347829e-02,1.029494972593285672e-07,5.000000018054511219e-01,7.193382602364232180e-03,1.524929973486468804e-01
5.907565446327950331e-01,4.761507433858517269e-01,5.356931894630008184e-01,6.368803646380185590e-01,5.090661461707489677e-01,4.995153875285728851e-01,5.112184634093978053e-01,1.358642886966412132e-02,5.973777272085272275e-03,7.132729865276039166e-03,4.665707049708300031e-09,1.917489988698181311e-02,1.005894500022617032e-07,5.000000017764230087e-01,6.341569413843423965e-03,1.467294329321532642e-01
5.827945951617993225e-01,4.776693327578135917e-01,5.365742685686363256e-01,6.687247758988299484e-01,5.082703717910403984e-01,4.940516434933333034e-01,5.133466527487748898e-01,1.370513210212243559e-02,5.957602639553713150e-03,7.023725450655495320e-03,5.418954292066001939e-09,1.907037430735144742e-02,9.918419276529979170e-08,5.000000018008985414e-01,6.588688501264896441e-03,1.439083073263434931e-01
5.760326996291570412e-01,4.780053067660304245e-01,5.388207211764057813e-01,7.005695290120959040e-01,5.055736972331861256e-01,4.906829734114220298e-01,5.149553138737372748e-01,1.364854430175604406e-02,5.953557958391615147e-03,6.996472118514206369e-03,7.414126319657254056e-09,1.887171979490528603e-02,9.691939909056162670e-08,5.000000020566265357e-01,6.190408098945421843e-03,1.421678847716452143e-01
5.697647393718471287e-01,4.782969270964920749e-01,5.407825023517729424e-01,7.324146257968371376e-01,5.038375618530951394e-01,4.888075359454036040e-01,5.147326497803126344e-01,1.354813288287986736e-02,5.952546016963943670e-03,6.989656370893041447e-03,7.582818046910898841e-09,1.864952628004875809e-02,9.514449709617937134e-08,5.000000020799373335e-01,6.090827098752514025e-03,1.406975860808829526e-01
5.633837273424446845e-01,4.794055025876826637e-01,5.421008720567886963e-01,7.642597474126190393e-01,5.017465625489088143e-01,4.876352765915384357e-01,5.142144146419144191e-01,1.343676580691256436e-02,5.866032237474503794e-03,6.987951687883134193e-03,7.143487697033589496e-09,1.859397451222740902e-02,9.401908977884959577e-08,5.000000020237823639e-01,6.065931385281803090e-03,1.386047417938709725e-01
5.572682183451322935e-01,4.821338117715632254e-01,5.408026079905136063e-01,7.961041831640838229e-01,5.007242540274565723e-01,4.872280832641393555e-01,5.147176611106257793e-01,1.340892325640445117e-02,5.930663215139219020e-03,6.987524662023457921e-03,7.516419604610956879e-09,1.858008686337605728e-02,9.361121427661790440e-08,5.000000020636385933e-01,5.829675343617533173e-03,1.373914112524715347e-01
5.504203597631462941e-01,4.856748143164325571e-01,5.385666696326465441e-01,8.279484054441721419e-01,5.009913112966332127e-01,4.884025335848385385e-01,5.163582562842576884e-01,1.348822562014371541e-02,6.205605018038793871e-03,6.987417687500080410e-03,6.554326088644967525e-09,1.874913896057563839e-02,9.315905554899684260e-08,5.000000019275241403e-01,5.540576639210257823e-03,1.357078826856132070e-01
5.457897082851228543e-01,4.873986837194654864e-01,5.368754079697521941e-01,8.597938126696030858e-01,5.020153608343858043e-01,4.886539116682331874e-01,5.167306957985116078e-01,1.350805338875732398e-02,6.274345951438744379e-03,6.987390717094861363e-03,7.940514141876730276e-09,1.879140517518707379e-02,9.279172883833465408e-08,5.000000021029255004e-01,5.468296737356323663e-03,1.352869606744644959e-01
5.431595708183708515e-01,4.889127816423383677e-01,5.338089750086515428e-01,8.916390002685554705e-01,5.029254988125354542e-01,4.887710645459636405e-01,5.169375813872353342e-01,1.351301003148847740e-02,6.291532546472307363e-03,6.987382464319583965e-03,7.383092477494511980e-09,1.880197256773981362e-02,9.140340061367099921e-08,5.000000020340931162e-01,5.450225351663133024e-03,1.351817148357365717e-01
5.423801180700477120e-01,4.899877628835596632e-01,5.314455852303542338e-01,9.057427401545614654e-01,5.037746182385127725e-01,4.884020817972589690e-01,5.164646813319677676e-01,1.351424967861323580e-02,6.295828946189793891e-03,6.987379250628966525e-03,4.379537739237759082e-09,1.880461447162563166e-02,8.906357984365608245e-08,5.000000016657966118e-01,5.445707605051105724e-03,1.351553981128167659e-01
5.417926573440613458e-01,4.904660487228258980e-01,5.304823781973625474e-01,8.977830400283640655e-01,5.041493089126312110e-01,4.882040271015186672e-01,5.162300230860231709e-01,1.351455937295798632e-02,6.296902942506692538e-03,6.987377924744687420e-03,4.812904859205201786e-09,1.880527472178021575e-02,8.750542802156846895e-08,5.000000017151674525e-01,5.444578469018071173e-03,1.351488166818221592e-01
5.412771039742281243e-01,4.909220933156579481e-01,5.292342599885814236e-01,8.834894317855076507e-01,5.051841961014540416e-01,4.860793491755144857e-01,5.129446688522777409e-01,1.515361113603091829e-02,6.987265623062668615e-03,6.901116338407614972e-03,5.977739310322459927e-09,1.846039167931738667e-02,8.655045200813456290e-08,5.000000018636047150e-01,4.754200661518390505e-03,1.337669945168607488e-01
5.414792891029216459e-01,4.916905392609441372e-01,5.271570838486151489e-01,8.656868261688673849e-01,5.055580549703613258e-01,4.837549542798500468e-01,5.095437153185922163e-01,1.573594799388602569e-02,7.159877805927093546e-03,6.879547328423134787e-03,6.630406563898060552e-09,1.820163757831254336e-02,8.570974390832614258e-08,5.000000019471882995e-01,4.581584706577229542e-03,1.323863601278290891e-01
5.420099256368974272e-01,4.923150009006413974e-01,5.259635213029381084e-01,8.622011006661092214e-01,5.059298171547449430e-01,4.831540908112395560e-01,5.080002728691074276e-01,1.588152399316499971e-02,7.203025414939489071e-03,6.874155644757991637e-03,7.034026812232906662e-09,1.796442038230754157e-02,8.543307868733072145e-08,5.000000019816421837e-01,4.538437219729100566e-03,1.320411826343419470e-01
5.425347459718018461e-01,4.929800720085316668e-01,5.252527572924491350e-01,8.566355053633254446e-01,5.055974973717102250e-01,4.830628973015720917e-01,5.068534672736696445e-01,1.591791641965157114e-02,7.213812171055620191e-03,6.786546001472448970e-03,6.218595534176739887e-09,1.773258902398371084e-02,8.509844982882870005e-08,5.000000018901550325e-01,4.527650962543866911e-03,1.326449821995971945e-01
5.444838252075874241e-01,4.930316596689890418e-01,5.249059178252286628e-01,8.532199943954431598e-01,5.045298997657338136e-01,4.847276067267770605e-01,5.059315654559949360e-01,1.644459526819803952e-02,7.216509219338394961e-03,7.001863157871845468e-03,6.254073821151661390e-09,1.767463084372060400e-02,8.520963656092857374e-08,5.000000018838738347e-01,4.064882219826159576e-03,1.321058354008692315e-01
5.468406234353762052e-01,4.927348905793996203e-01,5.238616538138380907e-01,8.405749460305015353e-01,5.013547698190353730e-01,4.852386181965492318e-01,5.055074369967904602e-01,1.657626592415533187e-02,7.217183914341885470e-03,7.055692935717610727e-03,5.717775704125171172e-09,1.766014110540563287e-02,8.520109782992439469e-08,5.000000018212592545e-01,3.949188999812191549e-03,1.319710431589903032e-01
5.483967579507014189e-01,4.925514136948131450e-01,5.223181248347068539e-01,8.265246752830940347e-01,4.995116038421955618e-01,4.855891807750681299e-01,5.050445946573419720e-01,1.660918405883011692e-02,7.217353045061135515e-03,7.069150862584951990e-03,5.849814084354631189e-09,1.765651875139866156e-02,8.538441748071218417e-08,5.000000018273900171e-01,3.920265403096563975e-03,1.319373404934824634e-01
5.496414117164393209e-01,4.918224500555306022e-01,5.214152188465526194e-01,8.154931053947955810e-01,4.986324051080525122e-01,4.858026235561798689e-01,5.045000439472930864e-01,1.661741327121503756e-02,7.217395790422520552e-03,7.072515543283880261e-03,6.216826282764697238e-09,1.765561327078728204e-02,8.554355591714563822e-08,5.000000018758157250e-01,3.913034892034454246e-03,1.319289123028848931e-01
5.505298838192451694e-01,4.912400095176394643e-01,5.211169439235340262e-01,8.039931699241980034e-01,4.984411405323266875e-01,4.859995799862162902e-01,5.040316002632070358e-01,1.661947021716536979e-02,7.217406618154544908e-03,7.073356872760957516e-03,6.203929043932231719e-09,1.765538687858052291e-02,8.536951558030816537e-08,5.000000018872857721e-01,3.911227383360773441e-03,1.319268036172546454e-01
5.522687138088070435e-01,4.901725001243177338e-01,5.205710454878245130e-01,7.935472497916559176e-01,4.990073543336948636e-01,4.861445382719677966e-01,5.035693086024700671e-01,1.661998420949994601e-02,7.217409487242539001e-03,7.073567228880740972e-03,6.370244005734758970e-09,1.765533024724934286e-02,8.539813674995578342e-08,5.000000019120534045e-01,3.910775576327362585e-03,1.319262743821629502e-01
5.537944529532724536e-01,4.894779874515341467e-01,5.198418975887368898e-01,7.862803197434691249e-01,4.999370947387573039e-01,4.862888515331031392e-01,5.031822778364430926e-01,1.662011268844860654e-02,7.217410510472777388e-03,7.073620159952704808e-03,6.173610185397348244e-09,1.765531611833796866e-02,8.558201823372057435e-08,5.000000018951339387e-01,3.910662643667066340e-03,1.319261422972236586e-01
5.552929868613767361e-01,4.886015593084205300e-01,5.191000422414784321e-01,7.783997592114119124e-01,5.000524847287711738e-01,4.864171450417216769e-01,5.028489577921653186e-01,1.662014501137288464e-02,7.217411231535652595e-03,7.073633787051428548e-03,5.998332615161627030e-09,1.765531263883195201e-02,8.578419641333027246e-08,5.000000018773904653e-01,3.910634397537547657e-03,1.319261087966178414e-01
5.570691398875845524e-01,4.877125193281644511e-01,5.185171410803650627e-01,7.727851178422334710e-01,5.002929168025087581e-01,4.865206846278307129e-01,5.025440388610357134e-01,1.662015310812612473e-02,7.217411650560667802e-03,7.073637596207824237e-03,6.012236160143612791e-09,1.765531176046435113e-02,8.601107762265191091e-08,5.000000018739539920e-01,3.910627336996375103e-03,1.319260998860389278e-01
5.586517229785882277e-01,4.875191654632171634e-01,5.177671961669489953e-01,7.646781409570502230e-01,4.997866403295144755e-01,4.866170628154994349e-01,5.022889356758103441e-01,1.662015499698203322e-02,7.217412008581198558e-03,7.073638745523478169e-03,5.794492115126769489e-09,1.765531152237243342e-02,8.609124664372116957e-08,5.000000018505168509e-01,3.910625603729811842e-03,1.319260949535924765e-01
5.597384234507393197e-01,4.874723989115476996e-01,5.172683681537756373e-01,7.590893870028214696e-01,4.995904018826951010e-01,4.866911180728817898e-01,5.020430305287613137e-01,1.662015571452832643e-02,7.217412485896584559e-03,7.073639427442560135e-03,5.924250541352859285e-09,1.765531148749861431e-02,8.631119538941092068e-08,5.000000018568599991e-01,3.910625139817052939e-03,1.319260924403859447e-01
5.603144011440890360e-01,4.873519694411893033e-01,5.166030929536646887e-01,7.577989950999711732e-01,4.990943669844507546e-01,4.867526814856515949e-01,5.018198831828926121e-01,1.662015580671576120e-02,7.217412731843402159e-03,7.073639733280995441e-03,5.963056832866397157e-09,1.765531146487289357e-02,8.651980917135954815e-08,5.000000018615180508e-01,3.910625027236293988e-03,1.319260909209808985e-01
5.611051468902564787e-01,4.874607588022177862e-01,5.160529047693355187e-01,7.576765603864415999e-01,4.992027976786496124e-01,4.868047653046441714e-01,5.016168825488407368e-01,1.662015587353171328e-02,7.217413119024120201e-03,7.073640016119645511e-03,5.861482972432651435e-09,1.765531146546268568e-02,8.666820001600507446e-08,5.000000018490133868e-01,3.910624980862722339e-03,1.319260894951383434e-01
5.615710065154868591e-01,4.877252397282048069e-01,5.158467104945183568e-01,7.559900335000958593e-01,4.990622404023370429e-01,4.868436261628018014e-01,5.014293612970042169e-01,1.662015591710655493e-02,7.217413370351999716e-03,7.073640295955476234e-03,5.709751900281600241e-09,1.765531147813450413e-02,8.666212488478172349e-08,5.000000018339265662e-01,3.910624966495537813e-03,1.319260884112764542e-01
5.615923447044937067e-01,4.883321059505537076e-01,5.150935303631994922e-01,7.551809852940153389e-01,4.992520951207365942e-01,4.868887697991810537e-01,5.012764096354382914e-01,1.662015576156357019e-02,7.217413422506668320e-03,7.073640446057483447e-03,5.824575606380432431e-09,1.765531143949054110e-02,8.678479240914211847e-08,5.000000018474910490e-01,3.910624975171288036e-03,1.319260871585620776e-01
5.614178028725702596e-01,4.887152437900377788e-01,5.141482837814660423e-01,7.547573009706409763e-01,4.992804352907114218e-01,4.869197599733183779e-01,5.011252837903626967e-01,1.662015600667478971e-02,7.217413749865331934e-03,7.073640811106719078e-03,5.908463169942689559e-09,1.765531149653434481e-02,8.702079406806287190e-08,5.000000018587997808e-01,3.910624946236389288e-03,1.319260857852153079e-01
5.614803658353796356e-01,4.890220513594883411e-01,5.137438856393983233e-01,7.538118353364747781e-01,4.987376604074775233e-01,4.869278618674964809e-01,5.009708044842097197e-01,1.662015614767280852e-02,7.217414081274755276e-03,7.073641089499627631e-03,5.962361389163771959e-09,1.765531152544584301e-02,8.709992840408529557e-08,5.000000018656129974e-01,3.910624929223744523e-03,1.319260850572269717e-01
5.621618825893809346e-01,4.894778401335663776e-01,5.128517101077528784e-01,7.512627709652023311e-01,4.986863558025391163e-01,4.869460533310029926e-01,5.008463166354067964e-01,1.662015586585685947e-02,7.217414021631179608e-03,7.073641004028063776e-03,5.940246634691658540e-09,1.765531145388771553e-02,8.712104687536417225e-08,5.000000018593098172e-01,3.910624962421250031e-03,1.319260841969986386e-01
5.629746985951469274e-01,4.898068956779075278e-01,5.123127334084688345e-01,7.493376539170879536e-01,4.982462274828957094e-01,4.869475960633373735e-01,5.007154324277450774e-01,1.662015603617552489e-02,7.217414275889093810e-03,7.073641232219020358e-03,5.897277450924986182e-09,1.765531149438387404e-02,8.722156072650929471e-08,5.000000018530410539e-01,3.910624956276924531e-03,1.319260837227326788e-01
5.639597523495434306e-01,4.897925537756250836e-01,5.120786884317131138e-01,7.461383595788303458e-01,4.980194773732783409e-01,4.869486800316600306e-01,5.005947921098967690e-01,1.662015595937231874e-02,7.217414393585181061e-03,7.073641387778564771e-03,5.809887799853851460e-09,1.765531146659321537e-02,8.714083063762781228e-08,5.000000018400926338e-01,3.910624968274076935e-03,1.319260831964265690e-01
5.642543078269907086e-01,4.900370443418325395e-01,5.117182778945696953e-01,7.444445925439360234e-01,4.981029474646817001e-01,4.869568781050838679e-01,5.004963399018422798e-01,1.662015568849706248e-02,7.217414450539261402e-03,7.073641417715049486e-03,5.809822074650793651e-09,1.765531141405891902e-02,8.709386810192398722e-08,5.000000018440028393e-01,3.910625002082252812e-03,1.319260827105423473e-01
5.642232947079163230e-01,4.903018121605210444e-01,5.117550124260216160e-01,7.428680283074939883e-01,4.985238138758684712e-01,4.869585365960941159e-01,5.004011523789569926e-01,1.662015579148008737e-02,7.217414646855557087e-03,7.073641546147244052e-03,5.884733707103561313e-09,1.765531143736018618e-02,8.714114174945763150e-08,5.000000018561672199e-01,3.910624985239643039e-03,1.319260825396221803e-01
5.641566337970769229e-01,4.902559565282506582e-01,5.120785565253322957e-01,7.418171356712921494e-01,4.990523743830280745e-01,4.869533118597121901e-01,5.003079718069326498e-01,1.662015570642606452e-02,7.217414634421920501e-03,7.073641633145760950e-03,5.986591784631611075e-09,1.765531141893401587e-02,8.713000726585914329e-08,5.000000018714031436e-01,3.910624998434046942e-03,1.319260823829199736e-01
5.641689869379930000e-01,4.899562639834521560e-01,5.123003374163636048e-01,7.407563547820923411e-01,4.999687798721842436e-01,4.869463644172833949e-01,5.002244402531281775e-01,1.662015554349102753e-02,7.217414591703104169e-03,7.073641645651928059e-03,5.991506075827811868e-09,1.765531138977481998e-02,8.712083128342955786e-08,5.000000018753270048e-01,3.910625022593274512e-03,1.319260820039884208e-01
5.645015327560578555e-01,4.895245724760192152e-01,5.121414207106164129e-01,7.394929795869609190e-01,5.011449018220081042e-01,4.869391668112072469e-01,5.001455876299528702e-01,1.662015549411853532e-02,7.217414691351552516e-03,7.073641696255031364e-03,5.985607682942583336e-09,1.765531139835240307e-02,8.723758407388664738e-08,5.000000018787154055e-01,3.910625036923320343e-03,1.319260811724216054e-01
5.648509062096397360e-01,4.891938167944841487e-01,5.121814474094119607e-01,7.378762194701821153e-01,5.022792030127105622e-01,4.869298049539658724e-01,5.000753067163571375e-01,1.662015566176500841e-02,7.217414871628524686e-03,7.073641968038753627e-03,5.919751917657078151e-09,1.765531145278529876e-02,8.735347319047118379e-08,5.000000018730921258e-01,3.910625030161326600e-03,1.319260806423656063e-01
5.653034240236524122e-01,4.888326657755348581e-01,5.120767827221573976e-01,7.358017089260705523e-01,5.030183036972739608e-01,4.869216684240402215e-01,5.000089682955607406e-01,1.662015566797631072e-02,7.217415061864107181e-03,7.073642073873237165e-03,5.918709196192350204e-09,1.765531145971936666e-02,8.743487572698280712e-08,5.000000018725564432e-01,3.910625036961582271e-03,1.319260799908574255e-01
5.656165437444060640e-01,4.883919534495487769e-01,5.119669139546316750e-01,7.339976413845693548e-01,5.032496015502436748e-01,4.869110751659574410e-01,4.999479712034656242e-01,1.662015576040229425e-02,7.217415175121148947e-03,7.073642229649210883e-03,5.909806095713276148e-09,1.765531147755827410e-02,8.752196831773870556e-08,5.000000018687462688e-01,3.910625031110530857e-03,1.319260796109106848e-01
5.658362507587103574e-01,4.884075641821814528e-01,5.119656764325279941e-01,7.327194839256907510e-01,5.031732585485976239e-01,4.868992083822225037e-01,4.998906293715129068e-01,1.662015576386761603e-02,7.217415271289076735e-03,7.073642311611169804e-03,5.919687080632440041e-09,1.765531147153287170e-02,8.758984083694051737e-08,5.000000018673586011e-01,3.910625029445861586e-03,1.319260795479459403e-01
5.660104142098754121e-01,4.884030823602339422e-01,5.118018873567943272e-01,7.332332046067431275e-01,5.035981255314294636e-01,4.868845770253087957e-01,4.998329615338924503e-01,1.662015584612683283e-02,7.217415363997262481e-03,7.073642413685423368e-03,5.918414320957009762e-09,1.765531147511386484e-02,8.770740796396698367e-08,5.000000018609580543e-01,3.910625017089523411e-03,1.319260793222317152e-01
5.662679643769135129e-01,4.882841235249216760e-01,5.116065940337138906e-01,7.332177425160582018e-01,5.040953661154821130e-01,4.868699020007437039e-01,4.997791435271171090e-01,1.662015590687114172e-02,7.217415522148528870e-03,7.073642495885217214e-03,5.834511658361617732e-09,1.765531149754629922e-02,8.776526467782256192e-08,5.000000018533202750e-01,3.910625010247966576e-03,1.319260793061377557e-01
5.662843115395134186e-01,4.881864791830382577e-01,5.113193507202106192e-01,7.312923295946804902e-01,5.048195030432922614e-01,4.868631490578267385e-01,4.997370130342894123e-01,1.662015594529635612e-02,7.217415679613799727e-03,7.073642597239795590e-03,5.794695507984880818e-09,1.765531151524700124e-02,8.776557843748822686e-08,5.000000018507787525e-01,3.910625009932527929e-03,1.319260787741082241e-01
5.663435825215210606e-01,4.880557283945579083e-01,5.111277834517773400e-01,7.303692271803694513e-01,5.047279829050409505e-01,4.868447728581322687e-01,4.996848127106031656e-01,1.662015602192215558e-02,7.217415842987807625e-03,7.073642725883070442e-03,5.969794554358242307e-09,1.765531153807266621e-02,8.787120292460659165e-08,5.000000018731707296e-01,3.910625003512201853e-03,1.319260787886605002e-01
5.664495237149216322e-01,4.882458208822127443e-01,5.107072883071165359e-01,7.297053413724999826e-01,5.045186822934650817e-01,4.868303632173491269e-01,4.996425579491831637e-01,1.662015595697555886e-02,7.217415784732889375e-03,7.073642731069090459e-03,5.934347353628010309e-09,1.765531151451905228e-02,8.792683307171561298e-08,5.000000018650943012e-01,3.910625010857590039e-03,1.319260785531537750e-01
5.666395470641857335e-01,4.885804608810624949e-01,5.101465999040128985e-01,7.274627973728077235e-01,5.042671686137171205e-01,4.868186697661661677e-01,4.996085679456377937e-01,1.662015607765549019e-02,7.217415805025121679e-03,7.073642840799045615e-03,5.879659543791814498e-09,1.765531153451487326e-02,8.799577919471338783e-08,5.000000018554425774e-01,3.910624999776794904e-03,1.319260784864444980e-01
5.667191877607619110e-01,4.889845079127975724e-01,5.097423560173766077e-01,7.266259033289053093e-01,5.040256888429670568e-01,4.867968324936082780e-01,4.995617866113125083e-01,1.662015620401416371e-02,7.217416000967988646e-03,7.073642892886609912e-03,5.945622778666103398e-09,1.765531155712788194e-02,8.807447243107029026e-08,5.000000018601654661e-01,3.910624991464569863e-03,1.319260784855567914e-01
5.667127674534374604e-01,4.893617251752918618e-01,5.093961877595234444e-01,7.266394314242851094e-01,5.036319660976681378e-01,4.867749008806545041e-01,4.995186763746569669e-01,1.662015616601285328e-02,7.217416069717017685e-03,7.073642867741190311e-03,5.917877861191510886e-09,1.765531154460958652e-02,8.806309807172596643e-08,5.000000018562908988e-01,3.910624996740186612e-03,1.319260784869231984e-01
5.665854321118476422e-01,4.895226321827028104e-01,5.092164890462382854e-01,7.261029800916664056e-01,5.036692527142984099e-01,4.867564124479243914e-01,4.994787453137122801e-01,1.662015616318284622e-02,7.217416157740856771e-03,7.073642892564456150e-03,5.871042436763883883e-09,1.765531153725365815e-02,8.798967502768625926e-08,5.000000018499901611e-01,3.910624997482531166e-03,1.319260783954467608e-01
5.667007074134723377e-01,4.896098270614263614e-01,5.091164748258095729e-01,7.256815325168963771e-01,5.036951463098694459e-01,4.867348999739082860e-01,4.994370906574064350e-01,1.662015604454771325e-02,7.217416120082853319e-03,7.073642793491707013e-03,5.940861254158091027e-09,1.765531151867161253e-02,8.796690132489182948e-08,5.000000018618320219e-01,3.910625012440158317e-03,1.319260785413635950e-01
5.668666037845319083e-01,4.897346371607031457e-01,5.088366677984444975e-01,7.250196284221208654e-01,5.035921203760860276e-01,4.867180509937685251e-01,4.994047827579471410e-01,1.662015592247982274e-02,7.217416030010551271e-03,7.073642756606627821e-03,5.891343530902969645e-09,1.765531149609084888e-02,8.795311230195156513e-08,5.000000018573207416e-01,3.910625030850756884e-03,1.319260785737122466e-01
5.669506533808887916e-01,4.898671391085221427e-01,5.085625935355778671e-01,7.245631869279781645e-01,5.034906888413066550e-01,4.867004352558151337e-01,4.993733852637696202e-01,1.662015597474250997e-02,7.217416149476530048e-03,7.073642851325699817e-03,5.875495763360260311e-09,1.765531150619241776e-02,8.798749773655164270e-08,5.000000018545164293e-01,3.910625028832355812e-03,1.319260782294498502e-01
5.673060842994702702e-01,4.897448472148309695e-01,5.080155922622490161e-01,7.229184909644656987e-01,5.036993701055324513e-01,4.866852885270235851e-01,4.993428426687237520e-01,1.662015599892491258e-02,7.217416201661075795e-03,7.073642936745082321e-03,5.874468140928667266e-09,1.765531151178580810e-02,8.802396015269990525e-08,5.000000018539476621e-01,3.910625025519578676e-03,1.319260782777421648e-01
5.675163347621206000e-01,4.895213665138495873e-01,5.079245965989341860e-01,7.220095223078070168e-01,5.039294568510741534e-01,4.866626164731918114e-01,4.993072405201425257e-01,1.662015608771560266e-02,7.217416285247610190e-03,7.073642964215760831e-03,5.889752803353286721e-09,1.765531154053954707e-02,8.802068391749454040e-08,5.000000018577303029e-01,3.910625026594635387e-03,1.319260782097506080e-01
5.676751928382931522e-01,4.891873115494344559e-01,5.079113907335206513e-01,7.210206073007277006e-01,5.040929001877371141e-01,4.866427100473563749e-01,4.992789213735270848e-01,1.662015595022664147e-02,7.217416221651807087e-03,7.073642955692822400e-03,5.888270433570807212e-09,1.765531151223617007e-02,8.793919621242479925e-08,5.000000018591449491e-01,3.910625042268463941e-03,1.319260783607445753e-01
5.680265442436048806e-01,4.889905903495305184e-01,5.077103874369855996e-01,7.201960009267314167e-01,5.040006648533565947e-01,4.866218298067047643e-01,4.992489510092492089e-01,1.662015575213530993e-02,7.217416139735872982e-03,7.073642895097804681e-03,5.929592046368935838e-09,1.765531147006937224e-02,8.794152260007360348e-08,5.000000058011253579e-01,3.910614419164815461e-03,1.319260716310113879e-01
5.685398014722999882e-01,4.885677853964685013e-01,5.074012926180176963e-01,7.191676017539876398e-01,5.035043931165980036e-01,4.865979113114032861e-01,4.992152967771686933e-01,1.662015594473090219e-02,7.217416335882354851e-03,7.073643039480410379e-03,5.846015345253573754e-09,1.765531151073197053e-02,8.805354680153206753e-08,5.000000082422294545e-01,3.910580837918664447e-03,1.319260440228840758e-01
5.688840795445523346e-01,4.887032937442908898e-01,5.068811723669983671e-01,7.182179968225361755e-01,5.031377037786799455e-01,4.865855379637730738e-01,4.991994832039787222e-01,1.662015596499719777e-02,7.217416299870254431e-03,7.073643036631204264e-03,5.783969865388582105e-09,1.765531151267140178e-02,8.807087960594678304e-08,5.000000080946823688e-01,3.910589670303067297e-03,1.319260548494543273e-01
5.694044441892447406e-01,4.885700208019296276e-01,5.063821012006006761e-01,7.162865253403551957e-01,5.031855445085289258e-01,4.865667321048196547e-01,4.991653007408731746e-01,1.662015618149081247e-02,7.217416372499803508e-03,7.073643107857238883e-03,5.822829447607301985e-09,1.765531155472898836e-02,8.815733942002346732e-08,5.000000048113161233e-01,3.910574484174792267e-03,1.319260471068267049e-01
5.699242902613447237e-01,4.883375755992446776e-01,5.059891921233210521e-01,7.150037517524174824e-01,5.032710341422668154e-01,4.865469703485567066e-01,4.991355686917339218e-01,1.662015617502969611e-02,7.217416409079111667e-03,7.073643170194550411e-03,5.881092175582790800e-09,1.765531156161775569e-02,8.816515362712634098e-08,5.000000060831868431e-01,3.910573804037616522e-03,1.319260505345175583e-01
5.703135651227196901e-01,4.883323441779485186e-01,5.058725434583345448e-01,7.132973762994094802e-01,5.034656705110646113e-01,4.865258599327304534e-01,4.991216257167021553e-01,1.662015607357874777e-02,7.217416396407629747e-03,7.073643123301164536e-03,5.810311460960048420e-09,1.765531154433397712e-02,8.807550533877669531e-08,5.000000037024313615e-01,3.910579692529328986e-03,1.319260566067077811e-01
5.705796296292143799e-01,4.884538562492956593e-01,5.057158294793201447e-01,7.123338576540882983e-01,5.039004234168449337e-01,4.865057119857279511e-01,4.991088625265345247e-01,1.662015601391431466e-02,7.217416387028836866e-03,7.073643132887794636e-03,5.854445934813367343e-09,1.765531152830302972e-02,8.806645045679722573e-08,5.000000029727399431e-01,3.910585695440118963e-03,1.319260642172661868e-01
5.704777206396877132e-01,4.886518937374018101e-01,5.054132761209260138e-01,7.113734539079755725e-01,5.045089076480515633e-01,4.864851098928623663e-01,4.991086670480855414e-01,1.662015603005043834e-02,7.217416459858112462e-03,7.073643154083571541e-03,5.853631475202502328e-09,1.765531153930903832e-02,8.810967057008735281e-08,4.999999917919742964e-01,3.910581579925088633e-03,1.319260660271254215e-01
5.701782191460551541e-01,4.889699103274640080e-01,5.051695878780684268e-01,7.103367239524710497e-01,5.048529711472639070e-01,4.864739185474968308e-01,4.991171040274242077e-01,1.662015620073182751e-02,7.217416576468410269e-03,7.073643255374230561e-03,5.629209216647933784e-09,1.765531158069941556e-02,8.813363489545572582e-08,4.999999881228249787e-01,3.910608810954714284e-03,1.319260766077333114e-01
5.702451262201327919e-01,4.894586305462386155e-01,5.044351969044293948e-01,7.098283414255461832e-01,5.045256384648575398e-01,4.864531835010237892e-01,4.991120224302240116e-01,1.662015609119397996e-02,7.217416413348667729e-03,7.073643185242964315e-03,5.841490076205201616e-09,1.765531155526947962e-02,8.823895691508418246e-08,4.999999906169603769e-01,3.910616530900063934e-03,1.319260812960726670e-01
5.705534889068697435e-01,4.896123690546944629e-01,5.040892285300829778e-01,7.088591491823271751e-01,5.042296486168033054e-01,4.864198129479785360e-01,4.990765081846383899e-01,1.662015625474714750e-02,7.217416551251895629e-03,7.073643288068723507e-03,4.163758344885292457e-09,1.765531157026778430e-02,8.820221628462677460e-08,4.999999964264366659e-01,3.910592426772832413e-03,1.319260659567082494e-01
5.706995073657256112e-01,4.899500002121682241e-01,5.039824306166549306e-01,7.058346500793366562e-01,5.029470804880368240e-01,4.863979874142862481e-01,4.990835844867763660e-01,1.662015610248080560e-02,7.217416482280626829e-03,7.073643232343078055e-03,7.903341210477020935e-09,1.765531153889892194e-02,8.807457083549160862e-08,4.999999966676518248e-01,3.910592953934039460e-03,1.319260638206578018e-01
5.705729933852435876e-01,4.899445168387772109e-01,5.038859649454497935e-01,7.040156100680639017e-01,5.027422077122473132e-01,4.775444352818331017e-01,4.902725909445519448e-01,7.612980621026735339e-02,7.317071663828721151e-02,1.068214804286953395e-01,6.100440629200348984e-08,3.577036755294025344e-02,7.427131202970845836e-01,4.999999935911706439e-01,9.776352619822084155e-04,1.695361910826582441e-01
5.704381923224038919e-01,4.900090720633093477e-01,5.039993676789625843e-01,7.017669091230390732e-01,5.028445005631256848e-01,4.708138797443025547e-01,4.871595204871241314e-01,9.101938943933948756e-02,8.967567029276679591e-02,1.318168762614889133e-01,-7.267638817312916659e-09,4.029947476131954393e-02,9.355545847825121886e-01,4.999999883127401179e-01,2.443994670442505663e-04,1.789394964304839297e-01
5.703582966485016836e-01,4.901991225185624024e-01,5.039465916725380801e-01,7.001420506551789824e-01,5.024632605213306125e-01,4.636389879385600099e-01,4.911830157703125921e-01,1.119081951726934032e-01,1.259769915365023252e-01,1.709310733319852893e-01,4.174790864971186941e-06,4.281025025997307193e-02,9.838826099610936682e-01,5.000001039767908440e-01,5.995210073247434136e-05,2.309729517781745067e-01
5.703759887467265699e-01,4.903497332445855839e-01,5.040711906079906601e-01,6.989048632385337356e-01,5.026078105527461704e-01,4.573090900395599401e-01,4.931332516159425694e-01,1.223926815794362383e-01,1.471303478637169815e-01,1.868361886177340447e-01,4.205326465156603652e-06,4.481836941138109959e-02,9.959660158140963837e-01,4.999998314143256906e-01,1.401415010598991911e-05,2.698642935254062514e-01
5.703392000347691226e-01,4.905071557825964601e-01,5.041045857255040952e-01,6.979467528261771303e-01,5.027246462003471805e-01,4.511986231462331576e-01,4.942609596492863466e-01,1.320011851980298079e-01,1.625118848083013656e-01,1.984038045664791583e-01,-5.422400405696733352e-06,5.377376525277775127e-02,9.989860867911436459e-01,4.999996895381186857e-01,1.590003127404156091e-06,3.082245417195164650e-01
5.703612866222942390e-01,4.904166733563813385e-01,5.041767431245536280e-01,6.971787890762540796e-01,5.030220415827904024e-01,4.458973763668522272e-01,4.949660054235601181e-01,1.422532696344722403e-01,1.799867461124200207e-01,2.113022166032249016e-01,-7.288560745338083236e-06,6.153290812884187194e-02,9.997402004696350764e-01,4.999995831551901637e-01,-3.228638593647798108e-06,3.478319412158495383e-01
5.701815291352835269e-01,4.903416325192999636e-01,5.042783395764027787e-01,6.959577163067649508e-01,5.031369341202610590e-01,4.408637694409272001e-01,4.961170567660981301e-01,1.537877168044103904e-01,1.965187556716393169e-01,2.216005217584431641e-01,-9.296603948833283472e-06,7.106343948225368745e-02,9.981299145699803477e-01,4.999997263296244165e-01,1.087787529131594008e-03,3.932734742369407011e-01
5.702291060484319107e-01,4.901241844065844511e-01,5.044852174162610670e-01,6.947916617442274623e-01,5.032880529537901992e-01,4.358809618914406547e-01,4.961112094821290563e-01,1.701283907781859506e-01,2.141089115527887443e-01,2.265905157053016150e-01,-9.295063727917753825e-06,8.724835046354717516e-02,9.738980558586500802e-01,4.999997307625384524e-01,5.962010872708145559e-03,4.308602950158368916e-01
5.705654656320001683e-01,4.900814663349137845e-01,5.044198850874779261e-01,6.940764392664258153e-01,5.031849113366889670e-01,4.312192159622310617e-01,4.954660613769059641e-01,1.888782535362747428e-01,2.323085750187691700e-01,2.322374630142453045e-01,8.548510024781343341e-06,1.031990013400504863e-01,9.523982593934647856e-01,4.999997035036822801e-01,1.201152205885238321e-02,4.412947229752686162e-01
5.709319247389658125e-01,4.899252844237842464e-01,5.045164471921380622e-01,6.948469279925697517e-01,5.028503557837640248e-01,4.268685407593923453e-01,4.946262811597163522e-01,1.979654307970465932e-01,2.379801718523048282e-01,2.332178885208590069e-01,8.007583853282760749e-06,1.092572201776833563e-01,9.448445126065860844e-01,4.999997076340038094e-01,1.559441270578310924e-02,4.449389338295672847e-01
5.714080091643225501e-01,4.894987925499635906e-01,5.044428185805400755e-01,6.961069179938766949e-01,5.030616910787145679e-01,4.219848097280816113e-01,4.923944903159805930e-01,2.051542238919386307e-01,2.371552210779837577e-01,2.299262330455251746e-01,7.815367411206976955e-06,1.175002830273427223e-01,9.332648732154036342e-01,4.999998284376356295e-01,1.787043548988873770e-02,4.420546263163183109e-01
5.706894282354959547e-01,4.890132384622742356e-01,5.037163167595869462e-01,7.023547358355267667e-01,5.024009339020878429e-01,4.174348878385807371e-01,4.903577374165495328e-01,2.076415847281175009e-01,2.359138110652153064e-01,2.268604132221445080e-01,7.625846877511415211e-06,1.214589288787965848e-01,9.292524886401080098e-01,4.999998118023488147e-01,1.843957487197494388e-02,4.399534674149574442e-01
5.713007115095702915e-01,4.892848639074768302e-01,5.022407628769844923e-01,7.121863179491385587e-01,5.012296384491990997e-01,4.120070173211120568e-01,4.875844468390974629e-01,2.091260553843283243e-01,2.346545652314822317e-01,2.249725380908426664e-01,7.625356407255263358e-06,1.229661348401359100e-01,9.270133169876314527e-01,5.000000659906447265e-01,1.927208870685237496e-02,4.394282494234833525e-01
5.739345241571783829e-01,4.895612260085064893e-01,5.000816795601885634e-01,7.230830811228918797e-01,4.992177984866336127e-01,4.067325145345354054e-01,4.827788069473166188e-01,2.090658777054614781e-01,2.319243951521012814e-01,2.231203496995067537e-01,7.571299968705066550e-06,1.231704309753950399e-01,9.267429278229026846e-01,5.000001389541406382e-01,2.040038224162678271e-02,4.372266983861575751e-01
5.785890130775988016e-01,4.907672620952672760e-01,4.977266837085188578e-01,7.328788945063801075e-01,4.960058491906897404e-01,4.016945470265593787e-01,4.783851163096411452e-01,2.090508185799559715e-01,2.302929037726905437e-01,2.223984727838154429e-01,7.531933573879236681e-06,1.232215014834127098e-01,9.272670306366970205e-01,5.000001521445154307e-01,1.999242161133263362e-02,4.366762470921577433e-01
5.830032007454359899e-01,4.911674866208695645e-01,4.948568277029975482e-01,7.408401153766478453e-01,4.928903374954252126e-01,3.989086043814472071e-01,4.743000237846587974e-01,2.090470508189106735e-01,2.291086459571148592e-01,2.220454829112212258e-01,7.514586601394167639e-06,1.227166996081791028e-01,9.280069839683423583e-01,5.000001407761887062e-01,1.989037996060340208e-02,4.368836714563169576e-01
5.853222714513247604e-01,4.921788213201940820e-01,4.899903582775118616e-01,7.419632315648063692e-01,4.902826197610350989e-01,3.970942612990451814e-01,4.696920189466933793e-01,2.087873265937519318e-01,2.284675596894444605e-01,2.216122106793489976e-01,7.521879263440008827e-06,1.222454270802738607e-01,9.285995483786857463e-01,5.000001338797077644e-01,1.986485018798289301e-02,4.376255813655838267e-01
5.863480588449235809e-01,4.939126537425514440e-01,4.837667414869191163e-01,7.392756507240564323e-01,4.879144987892989893e-01,3.950483274529360544e-01,4.648576793879775071e-01,2.084636130906500073e-01,2.276172157144623620e-01,2.209000743706091840e-01,7.509770456259723230e-06,1.210924946970771687e-01,9.304601279156182736e-01,5.000001334321100277e-01,1.939843706642036328e-02,4.381561191541436528e-01
5.866349778752322219e-01,4.957075544675200729e-01,4.780824962380940124e-01,7.375974207719891984e-01,4.857242823436397350e-01,3.931677630451074767e-01,4.603306612936122200e-01,2.084689301903227820e-01,2.269732949551478973e-01,2.204632308295477738e-01,7.519662204857850284e-06,1.204591690083828270e-01,9.310579444535689309e-01,5.000001320898794788e-01,1.928178766564321578e-02,4.393238389011205891e-01
5.873428881112183753e-01,4.976643262151922986e-01,4.716362638973203292e-01,7.395865289457707048e-01,4.840781317042639476e-01,3.919977706468947276e-01,4.555189235077291565e-01,2.083840025151101893e-01,2.269848105505834213e-01,2.200089741860528081e-01,7.523992182836695860e-06,1.199557857721998966e-01,9.317517377117727762e-01,5.000001391072170787e-01,1.902260656767417943e-02,4.403058669743523668e-01
5.881303232664535363e-01,4.999550323271434449e-01,4.664147679278435321e-01,7.404186882003352954e-01,4.831153436823772407e-01,3.918549343167258558e-01,4.516862311903959704e-01,2.082765079308620260e-01,2.263838778334341384e-01,2.194640914583968760e-01,7.512727685035768964e-06,1.193123633167482156e-01,9.326886608241135024e-01,5.000001373640848845e-01,1.895780404004162797e-02,4.405514393934454320e-01
5.885706552833885885e-01,5.013847807655927857e-01,4.621069646741730041e-01,7.421880954099855376e-01,4.824306910399167592e-01,3.914432195282890881e-01,4.504880130533891469e-01,2.082496292879233435e-01,2.262336181156836268e-01,2.193278469903343908e-01,7.515009699009836354e-06,1.191514797286924443e-01,9.330471352667871754e-01,5.000001409669945218e-01,1.894159754633667828e-02,4.406128471791294077e-01
5.879028140728247420e-01,5.026892427084606041e-01,4.570516248662185310e-01,7.439356789036661866e-01,4.817578229309676940e-01,3.903104068432645679e-01,4.461419054651236671e-01,2.085016884321738428e-01,2.272311683225966550e-01,2.182586576122915734e-01,7.526560874444899205e-06,1.182486484015835559e-01,9.342699803322981333e-01,5.000001347640183891e-01,1.893753174163624250e-02,4.420083230641713712e-01
5.875801812056553608e-01,5.047237010670274637e-01,4.529270589660379098e-01,7.456889287050738613e-01,4.823849767090940821e-01,3.926288583206210547e-01,4.430798778127732485e-01,2.096860984812821682e-01,2.271355516530149665e-01,2.171287158596047762e-01,7.514145294731991432e-06,1.173328286820126687e-01,9.361406463318021620e-01,5.000001346128151170e-01,1.801642117430153622e-02,4.433923784133307344e-01
5.873146248038739747e-01,5.057935558486251759e-01,4.489217305259652346e-01,7.488781750666630987e-01,4.833523125875308635e-01,3.934721618936603549e-01,4.411533309681838766e-01,2.089471030035102705e-01,2.267665972044906331e-01,2.158110646431173896e-01,7.514009903007866820e-06,1.169313282041778423e-01,9.371500366884778499e-01,5.000001394431304869e-01,1.732605442997176698e-02,4.444285147724507667e-01
5.868517341012463584e-01,5.078015225283422085e-01,4.467946181298202979e-01,7.482078755693363226e-01,4.835017260105624604e-01,3.935680304428237908e-01,4.397426311938017474e-01,2.085035463846632853e-01,2.262430357757843624e-01,2.152228350683894897e-01,-7.465146671374770046e-06,1.164858919101258161e-01,9.380753861356101453e-01,5.000001370850594151e-01,1.692340166413571281e-02,4.457227131449674751e-01
5.868697087390030154e-01,5.085996624068169769e-01,4.434572019145395783e-01,7.509874293672511580e-01,4.845271283802596862e-01,3.946412714280538858e-01,4.387252939954150999e-01,2.077888174090666007e-01,2.260258789823193781e-01,2.146444611997742058e-01,-7.525969668516061710e-06,1.162020059131135818e-01,9.387834979345228703e-01,5.000001420269226671e-01,1.659270824905281771e-02,4.463913284853425756e-01
5.863011526936591222e-01,5.083245095623282195e-01,4.413708213342731890e-01,7.513290281940914195e-01,4.862721538781182296e-01,3.953854079220243678e-01,4.383381433113291425e-01,2.074375967834966306e-01,2.259715859880714328e-01,2.138097553722346778e-01,-7.644636911717241453e-06,1.161310304328361243e-01,9.390555341643659348e-01,5.000001427013668343e-01,1.651002673011505231e-02,4.465585100779596028e-01
5.855087679002873857e-01,5.085890853538582723e-01,4.406296672121761127e-01,7.511846786196108017e-01,4.900791801269309134e-01,3.979373446057395403e-01,4.383380993436867823e-01,2.071772622862043944e-01,2.266481119035640146e-01,2.128247033403271871e-01,-7.793300631539554750e-06,1.164583336079215437e-01,9.386899198314212489e-01,5.000001460010170540e-01,1.648934130073467091e-02,4.472903837390354576e-01
5.861965048558221980e-01,5.071933735218252526e-01,4.375839011811663015e-01,7.535805798081499640e-01,4.948800271535380157e-01,4.009963186430681725e-01,4.388055321071371861e-01,2.067671402065262842e-01,2.280248793154948383e-01,2.119746128169947563e-01,-7.924026873022196746e-06,1.165401675397262637e-01,9.384971381397292367e-01,5.000001543320637953e-01,1.671419417711887331e-02,4.474733700906602940e-01
5.863841704932871712e-01,5.055258275317572325e-01,4.349736473966815953e-01,7.520838451548269576e-01,5.028409044623435298e-01,4.066976801105846584e-01,4.428219273778101206e-01,2.058020047730557966e-01,2.284554560115640842e-01,2.106406835988368920e-01,-8.048424028637595807e-06,1.165606329390973250e-01,9.385087531380742476e-01,5.000001508148153029e-01,1.677043274982994991e-02,4.475191338398324392e-01
5.867526563372744697e-01,5.035514138380967619e-01,4.329771084121198377e-01,7.517652108386526644e-01,5.108017584181305804e-01,4.124855454792190068e-01,4.483980422134756783e-01,2.046980286424105178e-01,2.301157193189738992e-01,2.084093946267341069e-01,-8.137273596976085551e-06,1.167382621342409055e-01,9.381613574586660231e-01,5.000001506218735292e-01,1.701449442430349665e-02,4.478755772186347461e-01
5.873236370107178805e-01,5.004023399025212537e-01,4.302315547267266393e-01,7.566031689542901395e-01,5.187622121654611451e-01,4.198421946012299566e-01,4.566766980986227686e-01,2.039906653628381361e-01,2.315660562556147717e-01,2.061262343559940313e-01,-8.191617855997968846e-06,1.166101883880849288e-01,9.382534049843295199e-01,5.000001486538828699e-01,1.730556021826716237e-02,4.476197375376535503e-01
5.879290579905821490e-01,4.972639728338945631e-01,4.277173134672571653e-01,7.594039460868586833e-01,5.267227123536790678e-01,4.264408991028778018e-01,4.684047137604286926e-01,2.075227641610777884e-01,2.347751816647223599e-01,2.028813149820079542e-01,-8.201107916149179917e-06,1.160606122851929600e-01,9.394827775048492091e-01,5.000001403371023834e-01,1.714838280454829972e-02,4.458306939603790542e-01
5.884365370635364911e-01,4.954593831295443507e-01,4.264071783076743838e-01,7.547865871749335209e-01,5.346836537087870100e-01,4.234166068979113295e-01,4.836977506948582639e-01,2.099591383866362682e-01,2.380793158489591388e-01,2.009484126542133153e-01,-8.250499261327789681e-06,1.162681481251377352e-01,9.392379851903053245e-01,5.000001324130016744e-01,1.687898086846903109e-02,4.460731172285393731e-01
5.885298631458748542e-01,4.940001677226822374e-01,4.236960331009394509e-01,7.454518275059639487e-01,5.426444694185065254e-01,4.188508955586407456e-01,4.988807810153780831e-01,2.069456198637646405e-01,2.387330934759633594e-01,1.992576083458640623e-01,-8.288779244818264997e-06,1.173551801352936269e-01,9.374900197005145985e-01,5.000001363742222482e-01,1.704160542775951317e-02,4.450988845181166886e-01
5.887903475719588053e-01,4.928396027013831615e-01,4.214020542985511542e-01,7.381985798501506935e-01,5.506054901329067164e-01,4.175257490663755178e-01,5.066971241502759016e-01,2.054151396344810199e-01,2.382062450517370145e-01,1.985760802416700055e-01,-8.309156520073426568e-06,1.181446599463788355e-01,9.360332583451188571e-01,5.000001261469124714e-01,1.754234695254283313e-02,4.441651142653673667e-01
5.899422024450531321e-01,4.911555182414298337e-01,4.182777643517258670e-01,7.330203080256938453e-01,5.585662042422234741e-01,4.212989142412784660e-01,5.128565079500988499e-01,2.042561887221737149e-01,2.363492342153090398e-01,1.973706894535081913e-01,-8.312150143764443738e-06,1.183420683908441851e-01,9.354312589501992958e-01,5.000001187033850103e-01,1.858767291760826668e-02,4.422065421823624942e-01
5.911671171092641730e-01,4.889693769744825058e-01,4.152633819360901923e-01,7.296145265988525086e-01,5.665268083140916344e-01,4.236301804219900213e-01,5.168365034152545556e-01,2.037076417221367064e-01,2.345046070950907169e-01,1.962066657213959453e-01,-8.314776363910065236e-06,1.178738521657448912e-01,9.356279229349153681e-01,5.000001069535732201e-01,1.976919776360415090e-02,4.403365915036053235e-01
5.920485141206142110e-01,4.871400358549602405e-01,4.130956576842947370e-01,7.253097555217573600e-01,5.744876362219326627e-01,4.254715145088930339e-01,5.202071019693034204e-01,2.033117654008356201e-01,2.328356992745531096e-01,1.948804937065698462e-01,-8.317650607144004153e-06,1.175841768946103427e-01,9.357440561118709477e-01,5.000000971019219476e-01,2.075474266597687398e-02,4.384888719621172770e-01
5.934879278801024061e-01,4.849126684251062191e-01,4.104162678725428726e-01,7.256139358903975767e-01,5.824482396065185918e-01,4.261787202883544623e-01,5.227563820705850572e-01,2.026952633601009079e-01,2.309520386893579857e-01,1.940313209618208523e-01,-8.316301159632574340e-06,1.171667280781355791e-01,9.361478847099765632e-01,5.000000897687331136e-01,2.146120531768512182e-02,4.369917593848445247e-01
5.960717085801160442e-01,4.816768497528176596e-01,4.062204051494474055e-01,7.296691923285768544e-01,5.904081387131836500e-01,4.263162020311515588e-01,5.249848281140928608e-01,2.024548134912634578e-01,2.297046656567547362e-01,1.934739863608067323e-01,-8.317425581053588092e-06,1.167173113025622710e-01,9.365149264514898153e-01,5.000000828587620738e-01,2.209786122976464123e-02,4.355823489240917556e-01
5.996071057113303571e-01,4.783970879187094960e-01,4.022816656793444801e-01,7.334830826034151041e-01,5.983679401526507124e-01,4.275382770719600156e-01,5.283465079870608427e-01,2.022222102418088086e-01,2.287889763821312483e-01,1.928171154451579217e-01,-8.343880827588921544e-06,1.164323565144219919e-01,9.350076625365916216e-01,5.000000122488849064e-01,2.294693703946070265e-02,4.348845536164621106e-01
6.033119767226765573e-01,4.748090461871098955e-01,3.981884270540246851e-01,7.379219824814263751e-01,6.063275893360151603e-01,4.277380596547164515e-01,5.313021848172057027e-01,2.019052881234147945e-01,2.276975026172715633e-01,1.922215602619768149e-01,-8.296710072231312647e-06,1.161886084352636017e-01,9.345235650618477496e-01,4.999999804778600399e-01,2.315933326291662667e-02,4.343651246484668826e-01
6.059325463151779001e-01,4.718072927702837704e-01,3.948080414040197050e-01,7.357158924165105862e-01,6.142877194646864103e-01,4.290743982227751552e-01,5.352110120421291750e-01,2.013084918073686780e-01,2.268207286777187137e-01,1.918138585039307065e-01,-8.262755849531631909e-06,1.154376314786990376e-01,9.347528046762396681e-01,4.999999707958565076e-01,2.390237642459429671e-02,4.332001510697899294e-01
6.081157541362237628e-01,4.701235062417521982e-01,3.922539280437535303e-01,7.378535905701291142e-01,6.216895788026098879e-01,4.292112199563086206e-01,5.372243536384027074e-01,2.009867009754324196e-01,2.262564885209688570e-01,1.915394269600638744e-01,-8.205584796025606819e-06,1.150772635771865338e-01,9.353726921501757108e-01,4.999999576140580215e-01,2.385824095511821993e-02,4.325637252584609849e-01
6.105768839691764205e-01,4.686325849527967491e-01,3.884763531037889739e-01,7.407951487406027047e-01,6.249920056452779038e-01,4.291424779388094413e-01,5.386794629819744440e-01,2.009062738174848539e-01,2.256841653928047808e-01,1.911257980719098803e-01,-8.189526207522178862e-06,1.148146810781768556e-01,9.353587643091896275e-01,4.999999520092284766e-01,2.430715932639372981e-02,4.324046373376448926e-01
6.126078439515111329e-01,4.676212719238376780e-01,3.854039309447747641e-01,7.461741923464420001e-01,6.254032243381897338e-01,4.303438979048319624e-01,5.408860144589415775e-01,2.003686157464347195e-01,2.251960394907922824e-01,1.909361200652349433e-01,-8.175850061723864134e-06,1.145765296495894481e-01,9.357564315270006094e-01,4.999999484095553615e-01,2.441943064049362233e-02,4.320198836216842531e-01
6.145482073511142618e-01,4.667212935982098521e-01,3.830130503360972827e-01,7.504259357809313080e-01,6.257974319116967887e-01,4.305546431231064286e-01,5.416551102257534112e-01,2.002341895554399231e-01,2.250740107205220775e-01,1.908887059835206179e-01,-8.189884020477774211e-06,1.145169930810555903e-01,9.358704410534277596e-01,4.999999516485584827e-01,2.444749447892556257e-02,4.319236940293286753e-01
6.166371058008746076e-01,4.650082156529438127e-01,3.809232906163412258e-01,7.553253497525361793e-01,6.264069160347990328e-01,4.305671423819185106e-01,5.420805527002553470e-01,2.002005876769470394e-01,2.250435095319961720e-01,1.908768558551836303e-01,-8.199771303861519347e-06,1.145021142175481066e-01,9.359741891415838122e-01,4.999999509354674521e-01,2.445450294550970821e-02,4.318996443823593379e-01
6.195956338356136683e-01,4.628922402231846478e-01,3.772185465314729091e-01,7.618888565938931601e-01,6.270754238848168516e-01,4.305569700388091614e-01,5.424427532515442296e-01,2.001921881182997798e-01,2.250358853188615671e-01,1.908738935148566462e-01,-8.215771236225658496e-06,1.144983934661220337e-01,9.359403889326781689e-01,4.999999564339890901e-01,2.445625641054757771e-02,4.318936337680816528e-01
6.224122333664101614e-01,4.609549341615865603e-01,3.743697785798045241e-01,7.646352867980573675e-01,6.287411070899248111e-01,4.305048116600092012e-01,5.426996293138360850e-01,2.001900889218924118e-01,2.250339800295228232e-01,1.908731533483224441e-01,-8.229814460501149484e-06,1.144974633226895355e-01,9.358976293475746999e-01,4.999999555900663251e-01,2.445669457215659051e-02,4.318921311062668411e-01
6.248776771554388487e-01,4.596006918729630963e-01,3.717435283011002456e-01,7.656587597568834669e-01,6.300097261848232044e-01,4.304879722264574604e-01,5.429637076724970202e-01,2.001895643124453061e-01,2.250335038641791130e-01,1.908729682913517245e-01,-8.239723188792447508e-06,1.144972308832191976e-01,9.359011380993150775e-01,4.999999554373895649e-01,2.445680610912718406e-02,4.318917573608760940e-01
6.268068014994682136e-01,4.585381845377364263e-01,3.692691658521108367e-01,7.635089280906133258e-01,6.320601999740451671e-01,4.305071855408336701e-01,5.432097914240375802e-01,2.001894332681537492e-01,2.250333849043772982e-01,1.908729220548228689e-01,-8.251069156626656152e-06,1.144971728530189969e-01,9.358956687987842749e-01,4.999999534281314162e-01,2.445683553152149664e-02,4.318916641929432809e-01
6.281365429931675681e-01,4.576883952484763207e-01,3.670448582690866712e-01,7.582489977456753349e-01,6.343250077975641776e-01,4.305613469325088039e-01,5.434459249928016433e-01,2.001894007292735755e-01,2.250333553782706830e-01,1.908729107150946847e-01,-8.261895857276946049e-06,1.144971586799855834e-01,9.358775244112643721e-01,4.999999501547798264e-01,2.445684527425977250e-02,4.318916411402661804e-01
6.289957736738307492e-01,4.577833382940775797e-01,3.655575586131210586e-01,7.547298875819807851e-01,6.354115266233454351e-01,4.305574058255896008e-01,5.436613621571374511e-01,2.001893930087969287e-01,2.250333483812406721e-01,1.908729082621928308e-01,-8.268393114778691482e-06,1.144971568233861953e-01,9.359330807974340916e-01,4.999999471367690962e-01,2.445684951363021747e-02,4.318916372383171942e-01
6.298712763453953034e-01,4.580667844354526785e-01,3.639039168928255297e-01,7.536843156546755296e-01,6.355770575250906385e-01,4.305560790305894558e-01,5.438890763955805951e-01,2.001893908361673247e-01,2.250333463561850211e-01,1.908729073263321085e-01,-8.280665215991627295e-06,1.144971571612574957e-01,9.360120283093423810e-01,4.999999466283480132e-01,2.445685279092474698e-02,4.318916390065613564e-01
6.310940474376467435e-01,4.577803929965582053e-01,3.619862186225726863e-01,7.543814034712030825e-01,6.356582586046756189e-01,4.305566075894013411e-01,5.441148828139107385e-01,2.001893904162575788e-01,2.250333459743877884e-01,1.908729072007239180e-01,-8.293308421300204380e-06,1.144971580803815087e-01,9.360764559305729815e-01,4.999999454119650744e-01,2.445685307078047238e-02,4.318916394827259086e-01
6.325254055120567154e-01,4.571953401074804191e-01,3.590127676833058112e-01,7.534087633387132055e-01,6.361480737815381481e-01,4.362009155825877227e-01,5.506383525893431274e-01,1.969114019910996050e-01,2.192537333792370091e-01,1.887163366517627949e-01,-8.113472599433564544e-06,9.034414448488024829e-02,9.709521522541981753e-01,4.999999564052299283e-01,2.629743963005633581e-02,4.198153594687317747e-01
6.339199615252356645e-01,4.560916023476462855e-01,3.567702329252387949e-01,7.538873479027782265e-01,6.363770598668830880e-01,4.378467044219400139e-01,5.518330294533544400e-01,1.960055914104779085e-01,2.172911634702928418e-01,1.874870553426843667e-01,7.932281200129456963e-06,8.361487676761590604e-02,9.812353394062264256e-01,4.999999837551860615e-01,2.629742240208238560e-02,4.157607678220985870e-01
6.355425895095422328e-01,4.549973250006652536e-01,3.538826698315925001e-01,7.613274491133307231e-01,6.353510870612171235e-01,4.387155354636239624e-01,5.524075264362405813e-01,1.958654113870089974e-01,2.161104299601650236e-01,1.865758928390871263e-01,7.733848380935915632e-06,8.158756137245702644e-02,9.842202104159903930e-01,4.999999959429553553e-01,2.675733680230040976e-02,4.137118303220229110e-01
6.373553945548749988e-01,4.533399910946893097e-01,3.514066191980761422e-01,7.707073748165469418e-01,6.341968580763043262e-01,4.394950735636384276e-01,5.532315938840780545e-01,1.955715822464520470e-01,2.152114042483870837e-01,1.861755718179044505e-01,7.576198520628128416e-06,8.039065620952200175e-02,9.867387915862569914e-01,5.000000043982948394e-01,2.641225364409065246e-02,4.121644590437595901e-01
6.393554622646410168e-01,4.518987262301594754e-01,3.498302000932860811e-01,7.786928893758509052e-01,6.331447454314599321e-01,4.397918768663539035e-01,5.534571088485533696e-01,1.954981236967790192e-01,2.149866471651727950e-01,1.860754940047739947e-01,7.506776415341170851e-06,8.009143033979192194e-02,9.875155278077190069e-01,5.000000028956422815e-01,2.632594382940317904e-02,4.117775718463232981e-01
6.424000857939151654e-01,4.502583845879660207e-01,3.475962039536796278e-01,7.830475050828878958e-01,6.335112871628505449e-01,4.404598700674756673e-01,5.546724465663672721e-01,1.953934971932252407e-01,2.144991479179199911e-01,1.854466386745578232e-01,7.448316111360192299e-06,7.949905738947270206e-02,9.890335259858600292e-01,5.000000075806039224e-01,2.607435720350252326e-02,4.103006902693553948e-01
6.458974329065142461e-01,4.490004331368065982e-01,3.453493591091413850e-01,7.858177373014137990e-01,6.339484151086780539e-01,4.405810197298463682e-01,5.552569285939394916e-01,1.955398636418174130e-01,2.140322139174461180e-01,1.850306230160108922e-01,7.429583580727273635e-06,7.900590111016979333e-02,9.899758859958224244e-01,5.000000081504435423e-01,2.624147985876000566e-02,4.088962759505316846e-01
6.492817725207339352e-01,4.492545531404422698e-01,3.435805317215547827e-01,7.770005406498804446e-01,6.372930718958558227e-01,4.418578223265238747e-01,5.571342255143925115e-01,1.957489811682292247e-01,2.138292118168706180e-01,1.846678317644245282e-01,7.434439718703516557e-06,7.836503713008123595e-02,9.912397252655422708e-01,5.000000059458671320e-01,2.605324550424948510e-02,4.082000947759765186e-01
6.520741700937430219e-01,4.502186039717041011e-01,3.412389541653902958e-01,7.689217005459593191e-01,6.402841822841877084e-01,4.431718584538844596e-01,5.587238017488254105e-01,1.957150082622394482e-01,2.135196758928056271e-01,1.844046012696866632e-01,7.430338759081036833e-06,7.785975153813605443e-02,9.920536396034577153e-01,4.999999989977123582e-01,2.623620033867911719e-02,4.073359411638153293e-01
6.543102508393409122e-01,4.509464635283685352e-01,3.387261806760999971e-01,7.590601858045407102e-01,6.440470760816012774e-01,4.457530774487747371e-01,5.611612029279294811e-01,1.956202483555918026e-01,2.136148061532163467e-01,1.843387916068178478e-01,7.424094082748379145e-06,7.721586230775411008e-02,9.933325473617049539e-01,4.999999932636239874e-01,2.605194070071710499e-02,4.064298210203076689e-01
6.552611921980576737e-01,4.516662565140113217e-01,3.369753529278948778e-01,7.568434489551194577e-01,6.451361638040683522e-01,4.478286450930860085e-01,5.623683409775886988e-01,1.955965543688144570e-01,2.134660748446964296e-01,1.843223442582737071e-01,-7.368620311136611742e-06,7.670982320042372959e-02,9.942811392034647255e-01,4.999999849840154331e-01,2.600586037688971952e-02,4.058582119089506057e-01
6.555809647169600352e-01,4.517786133532948889e-01,3.354251326553150947e-01,7.572614106306619908e-01,6.450899252796348238e-01,4.488705092528633145e-01,5.625552726571834139e-01,1.955043676178656875e-01,2.132563630034215729e-01,1.843182328059529695e-01,-7.446720495583587611e-06,7.623826221603356712e-02,9.951429525066410875e-01,4.999999812650324782e-01,2.599434291892565446e-02,4.053702604026495626e-01
6.552091889831115346e-01,4.518320835063406871e-01,3.340868388526732069e-01,7.630036209739342601e-01,6.435117864180596170e-01,4.493613859955603029e-01,5.622416751795239476e-01,1.953950574456656264e-01,2.128588814417263220e-01,1.839721517189772670e-01,-7.583029898101489689e-06,7.612037573122275302e-02,9.957371830621343234e-01,4.999999838001669694e-01,2.576144053501582334e-02,4.045581896791535237e-01
6.548241342004120780e-01,4.512742073675157783e-01,3.329177095409565634e-01,7.641182085076284602e-01,6.432211930103255426e-01,4.500349936675447915e-01,5.624210497386910035e-01,1.953677292729469606e-01,2.126732455942759725e-01,1.837993659049888262e-01,-7.767331176669774106e-06,7.591837234287333869e-02,9.959259847044878988e-01,4.999999796276710651e-01,2.593323395193776124e-02,4.043551388136907287e-01
6.544664266824251619e-01,4.513666730629803947e-01,3.313537004708270173e-01,7.669681581077828492e-01,6.420223597097912682e-01,4.505993515099223634e-01,5.623889051234126635e-01,1.959647413867554588e-01,2.122817830766531300e-01,1.835836427733230358e-01,-7.910733210850238439e-06,7.569534966584411106e-02,9.966038487709869553e-01,4.999999814209553084e-01,2.574616789827320618e-02,4.036143080080511480e-01
6.544187898109093959e-01,4.516160499351365432e-01,3.293316105810168981e-01,7.687021378948968309e-01,6.412415982934167591e-01,4.511003230818549370e-01,5.624651649694231148e-01,1.962002611817834641e-01,2.120976520004801968e-01,1.831846575405853828e-01,-8.054275884972527112e-06,7.546706561605918961e-02,9.970737260417359415e-01,4.999999797465826123e-01,2.569939999706215630e-02,4.030840418747344001e-01
6.541040596869530654e-01,4.513660793287654349e-01,3.281789367489876819e-01,7.701139783989959797e-01,6.410517063109695268e-01,4.515634613110243167e-01,5.625991618565513441e-01,1.965179313548228168e-01,2.120516195724815034e-01,1.829123828113018435e-01,-8.170141274743974804e-06,7.523746885314407107e-02,9.975671199491595864e-01,4.999999787477965585e-01,2.568771746582490176e-02,4.022613819794942924e-01
6.538718828263372362e-01,4.511603386523481696e-01,3.272813861641629130e-01,7.717249953658499306e-01,6.406272930850783753e-01,4.518280885969937488e-01,5.625413533537253485e-01,1.989264641597214833e-01,2.123851660433238031e-01,1.824992594195333495e-01,-8.269105089038494564e-06,7.500754248087047882e-02,9.980172268891845944e-01,4.999999790808515865e-01,2.568479547907951549e-02,4.017106543955766829e-01
6.538963707065901243e-01,4.505746702714726326e-01,3.269716708866688415e-01,7.676721000419297614e-01,6.414582128884463996e-01,4.520783995702963298e-01,5.625320791739149007e-01,1.997011239320687637e-01,2.123822892460717759e-01,1.823097157878105501e-01,-8.358912771242749880e-06,7.495005895646243699e-02,9.981073732954534039e-01,4.999999769778145087e-01,2.568405923961241191e-02,4.015729570652179503e-01
6.538347135904937213e-01,4.500395030785837580e-01,3.271816290776305425e-01,7.642609756503664364e-01,6.418392119146902886e-01,4.525208926427775058e-01,5.625862996360070367e-01,1.997222689995853673e-01,2.119502531705614035e-01,1.820898020470915757e-01,8.116351682885004351e-06,7.493568758627165705e-02,9.981461603162927743e-01,4.999999754286214571e-01,2.568387219156172130e-02,4.015385195201935931e-01
6.537898860054154326e-01,4.490768155840724196e-01,3.278067263689452004e-01,7.594329795958443263e-01,6.428201703441550618e-01,4.523669782390060123e-01,5.620487738514922116e-01,1.993825020323782005e-01,2.114109267810222181e-01,1.817760332448604133e-01,7.782564597342459697e-06,7.475956961960038283e-02,9.984758796385420077e-01,4.999999761178507418e-01,2.568383371504265322e-02,4.011848643441135454e-01
6.531383405861099778e-01,4.481569459014774215e-01,3.293050064770471907e-01,7.587721070939572598e-01,6.434260141511050080e-01,4.526010006484230130e-01,5.617839337689788382e-01,1.991250303839134650e-01,2.111035645424876595e-01,1.815250619568745116e-01,7.596778209514676585e-06,7.471553977466326157e-02,9.987819914272131339e-01,4.999999755765880405e-01,2.545378985288686974e-02,4.010964469132415888e-01
6.528767528736276748e-01,4.477261072430104294e-01,3.299126207699689117e-01,7.588898790899474278e-01,6.438435725648593566e-01,4.527066803521860860e-01,5.615723299758706988e-01,1.990606621516813335e-01,2.108541966360680531e-01,1.812897913671366046e-01,7.499102469346669700e-06,7.453200577023121054e-02,9.992212956598806040e-01,4.999999772186672908e-01,2.539628077969064562e-02,4.007292963265973729e-01
6.528957294464932115e-01,4.472859938955524028e-01,3.295633026549148470e-01,7.630100465820165434e-01,6.429088597768775060e-01,4.530614878977860527e-01,5.617099619738270544e-01,1.989583067052532739e-01,2.105330640836695910e-01,1.812309740161456573e-01,7.448903833295616813e-06,7.448612286587573406e-02,9.995599057742742266e-01,4.999999768839119563e-01,2.515186892084608078e-02,4.006375062044060797e-01
6.534092742131436538e-01,4.474515189047101327e-01,3.283351079009776408e-01,7.667783651955556445e-01,6.413758883051772219e-01,4.533914623158122881e-01,5.618755587436001786e-01,1.989327175280885540e-01,2.102802533140724905e-01,1.809574790237626629e-01,7.418563782938920477e-06,7.430212792361977348e-02,9.998824820743940078e-01,4.999999762970546158e-01,2.509077099801872504e-02,4.002695137169486883e-01
6.541979076282671279e-01,4.477205716901087595e-01,3.268766653140940948e-01,7.695858904718778648e-01,6.403508272802326262e-01,4.535951697818708106e-01,5.618853743982062943e-01,1.988400566265177694e-01,2.101307861736807503e-01,1.808028403922627148e-01,7.412245894140723286e-06,7.425612694719617435e-02,9.999631271683352418e-01,4.999999745232027726e-01,2.507549100355755886e-02,4.001774991298158723e-01
6.551661840927444080e-01,4.479132874670652686e-01,3.253412261508032977e-01,7.727379274166223944e-01,6.401283479456419956e-01,4.543867095048701454e-01,5.620463044644975481e-01,1.990756815986219341e-01,2.099208924659967113e-01,1.807641807614249752e-01,7.396440022094580278e-06,7.441715854467854940e-02,9.999832954646451499e-01,4.999999726980659531e-01,2.461161244829654371e-02,4.001545070628708678e-01
6.562133434864279025e-01,4.478044652676995141e-01,3.240103790867185363e-01,7.756248294910389474e-01,6.407295935057097935e-01,4.549347559049562451e-01,5.615802933750257964e-01,1.989620624124554815e-01,2.096096282620966422e-01,1.805819893376652829e-01,-7.342885399157397894e-06,7.462994118348025008e-02,9.999883294105141873e-01,4.999999730707337386e-01,2.449564152896426678e-02,4.001487605359972943e-01
6.573365298679952895e-01,4.470619905746321954e-01,3.231005065269498822e-01,7.770551984240168242e-01,6.415274109855394480e-01,4.553164325776652421e-01,5.606630092136942745e-01,1.988473926482726695e-01,2.091867570137325438e-01,1.801051233018439168e-01,-7.444008643616863938e-06,7.485565852482653493e-02,9.997280707239935005e-01,4.999999703283751207e-01,2.446663269989847456e-02,4.001472939834508913e-01
6.587440718714939747e-01,4.471003141271956971e-01,3.221884176270989331e-01,7.742018741447237451e-01,6.436584549538388877e-01,4.560148526419081083e-01,5.596398812469539630e-01,1.989049878536102156e-01,2.086497230302978845e-01,1.798996412545090795e-01,-7.584157691573368567e-06,7.508461834189242290e-02,9.996096436707535560e-01,4.999999691065626362e-01,2.445940038241054340e-02,4.001469528935207021e-01
6.598484267914317414e-01,4.469221826508542050e-01,3.218199542634392341e-01,7.731537875894646250e-01,6.443422637818196907e-01,4.565112193125128170e-01,5.570348836505766288e-01,1.988331245219110421e-01,2.075665604329257063e-01,1.795894799306375633e-01,-7.739908270691040751e-06,7.531439012608003025e-02,9.997733246479094671e-01,4.999999671434600668e-01,2.399753678615578964e-02,4.001468859977527215e-01
6.610119593166269292e-01,4.467165091459008308e-01,3.212975864232162637e-01,7.715156076111642225e-01,6.447843600711892220e-01,4.573905792108610702e-01,5.556855693980238264e-01,1.985563675331069589e-01,2.068644499781250590e-01,1.793394121521550977e-01,-7.911272053980683010e-06,7.519930469953144125e-02,9.999358468148813461e-01,4.999999670621911863e-01,2.388204719006085594e-02,4.001468355396358145e-01
6.621207096972669959e-01,4.467199399134786919e-01,3.205276750593639701e-01,7.705052042983966398e-01,6.457546296750433790e-01,4.587111529505181196e-01,5.551684053199112956e-01,1.981421237550801961e-01,2.064301318748846814e-01,1.791043682183771357e-01,-8.090177367649061671e-06,7.534305034870271423e-02,9.999755385126042340e-01,4.999999718784184366e-01,2.362310716644522648e-02,4.001467800483241577e-01
6.628352498274406868e-01,4.465957075529455311e-01,3.200996411094932936e-01,7.695691507511914775e-01,6.468279041184026301e-01,4.607073730897279229e-01,5.551834465966316579e-01,1.978660338258531604e-01,2.058039706345405340e-01,1.784417619076851813e-01,-8.239136417374824669e-06,7.589656240113132335e-02,9.999863879894549390e-01,4.999999769269600769e-01,2.309829132527536563e-02,4.001467609927459868e-01
6.632525920118160778e-01,4.464829332184160893e-01,3.198371960125905300e-01,7.684054080805536868e-01,6.473533438637061321e-01,4.619304648806034086e-01,5.540965192393531025e-01,1.976244842168672355e-01,2.051298475498005980e-01,1.777585266809069142e-01,-8.324543004225753146e-06,7.586242433307935351e-02,9.999891293634874945e-01,4.999999796028238297e-01,2.296709656995581106e-02,3.994566737998410666e-01
6.634245406561993796e-01,4.469149921526490155e-01,3.193229512411256410e-01,7.693153169413280423e-01,6.472538585227153307e-01,4.631310317352002048e-01,5.536112908587573767e-01,1.975640971817770597e-01,2.047887897300952609e-01,1.775014544938359473e-01,8.126927080086140753e-06,7.585390026444041589e-02,9.999898428906436321e-01,4.999999790857656556e-01,2.247424025597700298e-02,3.992841670981179258e-01
6.631021382550631449e-01,4.476216307981203957e-01,3.195066951112034426e-01,7.678884168480883954e-01,6.463556077098786545e-01,4.637031449207066891e-01,5.524111120685076814e-01,1.974627365112366917e-01,2.044447343099910497e-01,1.772646590646971554e-01,7.719311189535747254e-06,7.550673361714257958e-02,9.999900693126546614e-01,4.999999753012943082e-01,2.212101594985893191e-02,3.988960162115073871e-01
6.631021382550631449e-01,4.476216307981203957e-01,3.195066951112034426e-01,7.678884168480883954e-01,6.463556077098786545e-01,4.637031449207066891e-01,5.524111120685076814e-01,1.974627365112366917e-01,2.044447343099910497e-01,1.772646590646971554e-01,7.719311189535747254e-06,7.550673361714257958e-02,9.999900693126546614e-01,4.999999753012943082e-01,2.212101594985893191e-02,3.988960162115073871e-01
